Model,Params,Threads,Recall,RR@10,IndexSec,LoadSec,ConvertSec,SearchSecMedian,SearchSecRuns,AmortizedUsPerQuery,QPS,LatencyUsSingleThread,PeakRSSGB,IndexBytes,NumQueries,K,ResultsOrdered,Host,JobID
GrassRMA,M=32 efC=200 ef=10,48,0.681862464183381,0.8194842406876791,1502.4899781048298,3.133874122053385,0.0,0.09025510400533676,0.090663;0.089804;0.090499;0.090255;0.090187,12.930530659790367,77336.34653600614,,12.638412475585938,0,6980,10,True,c100,19271336
GrassRMA,M=32 efC=200 ef=20,48,0.7884240687679083,0.882808022922636,1502.4899781048298,3.133874122053385,0.0,0.12465770076960325,0.124837;0.124671;0.124131;0.123991;0.124658,17.85926945123256,55993.33179504635,,12.638412475585938,0,6980,10,True,c100,19271336
GrassRMA,M=32 efC=200 ef=50,48,0.8758309455587393,0.9405444126074498,1502.4899781048298,3.133874122053385,0.0,0.21648632176220417,0.216153;0.216720;0.216486;0.216217;0.216852,31.015232344155322,32242.22178649728,,12.638412475585938,0,6980,10,True,c100,19271336
GrassRMA,M=32 efC=200 ef=100,48,0.9147134670487106,0.9660458452722063,1502.4899781048298,3.133874122053385,0.0,0.35973621625453234,0.359628;0.359758;0.359736;0.359329;0.359986,51.53813986454618,19403.106177836937,,12.638412475585938,0,6980,10,True,c100,19271336
GrassRMA,M=32 efC=200 ef=200,48,0.9421919770773639,0.9829512893982808,1502.4899781048298,3.133874122053385,0.0,0.6327900290489197,0.629136;0.630276;0.632790;0.634636;0.634633,90.65759728494551,11030.515146534319,,12.638412475585938,0,6980,10,True,c100,19271336
GrassRMA,M=32 efC=200 ef=400,48,0.9608882521489971,0.9934097421203438,1502.4899781048298,3.133874122053385,0.0,1.1598269362002611,1.153046;1.159827;1.159886;1.160214;1.159725,166.16431750720074,6018.139243142048,,12.638412475585938,0,6980,10,True,c100,19271336
GrassRMA,M=32 efC=200 ef=800,48,0.9715902578796561,0.9981375358166189,1502.4899781048298,3.133874122053385,0.0,2.1751457806676626,2.175325;2.175053;2.175146;2.175228;2.174920,311.62547000969374,3208.9803184858183,,12.638412475585938,0,6980,10,True,c100,19271336
GrassRMA,M=32 efC=200 ef=1600,48,0.9791260744985674,0.9992836676217765,1502.4899781048298,3.133874122053385,0.0,4.132742116227746,4.134032;4.132742;4.131191;4.138226;4.131354,592.0833977403647,1688.951258921317,,12.638412475585938,0,6980,10,True,c100,19271336
GrassRMA,M=32 efC=200 ef=3200,48,0.9846704871060172,0.9997134670487106,1502.4899781048298,3.133874122053385,0.0,7.88049369957298,7.881901;7.881786;7.880017;7.879440;7.880494,1129.0105586780776,885.7313089887026,,12.638412475585938,0,6980,10,True,c100,19271336
PyANNS,ef=80 budget=0.8,48,0.09732091690544413,0.1687679083094556,4766.74613651447,3.611250216141343,0.0,0.05572408437728882,0.055724;0.055802;0.055852;0.055530;0.055542,7.983393177262008,125260.02137138395,,28.12914276123047,1204813652,6980,10,True,c504,19311307
PyANNS,ef=150 budget=0.8,48,0.1444699140401146,0.22793696275071634,4766.74613651447,3.611250216141343,0.0,0.10005616396665573,0.099949;0.100056;0.100259;0.100298;0.099975,14.334693978030908,69760.81955656549,,28.134052276611328,1204813652,6980,10,True,c504,19311307
PyANNS,ef=300 budget=0.8,48,0.2016618911174785,0.28610315186246416,4766.74613651447,3.611250216141343,0.0,0.18871793057769537,0.188824;0.188937;0.188386;0.188464;0.188718,27.03695280482742,36986.416598746706,,28.136829376220703,1204813652,6980,10,True,c504,19311307
PyANNS,ef=600 budget=0.8,48,0.25746418338108884,0.3320916905444126,4766.74613651447,3.611250216141343,0.0,0.3515874994918704,0.351276;0.351846;0.351587;0.351417;0.352127,50.370701932932725,19852.810495503396,,28.14456558227539,1204813652,6980,10,True,c504,19311307
PyANNS,ef=80 budget=0.5,48,0.6687679083094555,0.7813753581661891,4766.74613651447,3.611250216141343,0.0,0.17273213434964418,0.172112;0.172547;0.172732;0.172923;0.172852,24.746724118860197,40409.388943640864,,28.12914276123047,1204813652,6980,10,True,c504,19311307
PyANNS,ef=150 budget=0.5,48,0.7648997134670487,0.8555873925501433,4766.74613651447,3.611250216141343,0.0,0.28636687342077494,0.286308;0.286533;0.286418;0.286169;0.286367,41.02677269638609,24374.327646982736,,28.134052276611328,1204813652,6980,10,True,c504,19311307
PyANNS,ef=300 budget=0.5,48,0.8383094555873926,0.9123209169054441,4766.74613651447,3.611250216141343,0.0,0.4777368875220418,0.478395;0.477737;0.478027;0.477415;0.477715,68.44368016075097,14610.55275887181,,28.136829376220703,1204813652,6980,10,True,c504,19311307
PyANNS,ef=80 budget=0.3,48,0.8567478510028653,0.9106017191977077,4766.74613651447,3.611250216141343,0.0,0.192268212325871,0.192323;0.192293;0.191814;0.192161;0.192268,27.54558915843424,36303.45295024514,,28.12914276123047,1204813652,6980,10,True,c504,19311307
PyANNS,ef=600 budget=0.5,48,0.8900859598853869,0.9462750716332379,4766.74613651447,3.611250216141343,0.0,0.8266967050731182,0.828092;0.826934;0.826505;0.826697;0.826537,118.43792336291092,8443.241586867876,,28.14456558227539,1204813652,6980,10,True,c504,19311307
PyANNS,ef=80 budget=0.2,48,0.8959598853868195,0.9424068767908309,4766.74613651447,3.611250216141343,0.0,0.19825637061148882,0.197690;0.197858;0.198256;0.198354;0.198589,28.40349149161731,35206.939269953094,,28.12914276123047,1204813652,6980,10,True,c504,19311307
PyANNS,ef=80 budget=0.15,48,0.9105873925501433,0.9542979942693409,4766.74613651447,3.611250216141343,0.0,0.20326097402721643,0.203261;0.203168;0.203062;0.203339;0.203480,29.120483384988027,34340.08930344585,,28.12914276123047,1204813652,6980,10,True,c504,19311307
PyANNS,ef=150 budget=0.3,48,0.912106017191977,0.9517191977077364,4766.74613651447,3.611250216141343,0.0,0.31082824524492025,0.310769;0.310700;0.310984;0.310828;0.310873,44.53126722706594,22456.131663646072,,28.134052276611328,1204813652,6980,10,True,c504,19311307
PyANNS,ef=80 budget=0.1,48,0.9182378223495702,0.9608882521489971,4766.74613651447,3.611250216141343,0.0,0.20961285568773746,0.209613;0.209456;0.209590;0.209823;0.209759,30.030495084203075,33299.484314064124,,28.12914276123047,1204813652,6980,10,True,c504,19311307
PyANNS,ef=80 budget=0.07,48,0.9222922636103151,0.9657593123209169,4766.74613651447,3.611250216141343,0.0,0.2179533364251256,0.218008;0.217767;0.217478;0.218120;0.217953,31.225406364631173,32025.203717851175,,28.12914276123047,1204813652,6980,10,True,c504,19311307
PyANNS,ef=80 budget=0.05,48,0.9240114613180516,0.967621776504298,4766.74613651447,3.611250216141343,0.0,0.22551461309194565,0.225668;0.225136;0.224844;0.225515;0.225893,32.30868382406098,30951.431059388382,,28.12914276123047,1204813652,6980,10,True,c504,19311307
PyANNS,ef=80 budget=0.005,48,0.924269340974212,0.9679083094555874,4766.74613651447,3.611250216141343,0.0,0.25069574639201164,0.250087;0.250417;0.250788;0.250696;0.251305,35.916296044700815,27842.51468345781,,28.12914276123047,1204813652,6980,10,True,c504,19311307
PyANNS,ef=80 budget=0.01,48,0.9243123209169054,0.9677650429799427,4766.74613651447,3.611250216141343,0.0,0.24801970273256302,0.247515;0.248020;0.248512;0.248074;0.247856,35.53290870094026,28142.92543333325,,28.12914276123047,1204813652,6980,10,True,c504,19311307
PyANNS,ef=80 budget=0.02,48,0.9244555873925502,0.9677650429799427,4766.74613651447,3.611250216141343,0.0,0.24106212612241507,0.241048;0.241062;0.241122;0.240711;0.241125,34.53612122097637,28955.19139516528,,28.12914276123047,1204813652,6980,10,True,c504,19311307
PyANNS,ef=80 budget=0.03,48,0.9251432664756447,0.9684813753581661,4766.74613651447,3.611250216141343,0.0,0.23534773755818605,0.235319;0.235348;0.235117;0.235412;0.235486,33.7174409109149,29658.24134287377,,28.12914276123047,1204813652,6980,10,True,c504,19311307
PyANNS,ef=150 budget=0.2,48,0.9358166189111747,0.9700573065902579,4766.74613651447,3.611250216141343,0.0,0.31968601513653994,0.319686;0.319520;0.319951;0.319726;0.319415,45.80028870151002,21833.923504657523,,28.134052276611328,1204813652,6980,10,True,c504,19311307
PyANNS,ef=150 budget=0.15,48,0.9449140401146132,0.9779369627507163,4766.74613651447,3.611250216141343,0.0,0.3286809241399169,0.328623;0.328468;0.328702;0.328681;0.328743,47.08895761316861,21236.40128573044,,28.134052276611328,1204813652,6980,10,True,c504,19311307
PyANNS,ef=150 budget=0.1,48,0.9486676217765043,0.9810888252148997,4766.74613651447,3.611250216141343,0.0,0.34110839013010263,0.341426;0.340733;0.341108;0.341107;0.342050,48.86939686677688,20462.70394386297,,28.134052276611328,1204813652,6980,10,True,c504,19311307
PyANNS,ef=150 budget=0.07,48,0.9494269340974212,0.9816618911174785,4766.74613651447,3.611250216141343,0.0,0.35472194850444794,0.354344;0.354851;0.354722;0.354677;0.354746,50.819763396052714,19677.384017054912,,28.134052276611328,1204813652,6980,10,True,c504,19311307
PyANNS,ef=300 budget=0.3,48,0.9494555873925501,0.9782234957020057,4766.74613651447,3.611250216141343,0.0,0.5126892030239105,0.512990;0.512689;0.512633;0.512917;0.512564,73.45117521832529,13614.486045017162,,28.136829376220703,1204813652,6980,10,True,c504,19311307
PyANNS,ef=150 budget=0.02,48,0.9519627507163324,0.9833810888252149,4766.74613651447,3.611250216141343,0.0,0.39371648244559765,0.393906;0.392906;0.393716;0.393736;0.393540,56.40637284320883,17728.493246315822,,28.133045196533203,1204813652,6980,10,True,c504,19311307
PyANNS,ef=150 budget=0.03,48,0.9519770773638968,0.9833810888252149,4766.74613651447,3.611250216141343,0.0,0.38391853496432304,0.383780;0.383919;0.383805;0.383947;0.383950,55.00265543901476,18180.94039311918,,28.133045196533203,1204813652,6980,10,True,c504,19311307
PyANNS,ef=150 budget=0.01,48,0.9520057306590258,0.9836676217765044,4766.74613651447,3.611250216141343,0.0,0.40455421525985,0.404370;0.404554;0.404791;0.404436;0.404785,57.95905662748568,17253.55894639897,,28.133045196533203,1204813652,6980,10,True,c504,19311307
PyANNS,ef=150 budget=0.005,48,0.9522206303724928,0.983810888252149,4766.74613651447,3.611250216141343,0.0,0.4105726880952716,0.410573;0.410544;0.410326;0.410599;0.410744,58.82130201937988,17000.64374077489,,28.133045196533203,1204813652,6980,10,True,c504,19311307
PyANNS,ef=150 budget=0.05,48,0.9529083094555874,0.9843839541547278,4766.74613651447,3.611250216141343,0.0,0.3670836267992854,0.367084;0.367063;0.367082;0.375590;0.368930,52.59077747840765,19014.740757741656,,28.134052276611328,1204813652,6980,10,True,c504,19311307
PyANNS,ef=300 budget=0.2,48,0.9617621776504298,0.9868194842406877,4766.74613651447,3.611250216141343,0.0,0.5300873797386885,0.530562;0.530188;0.530059;0.529953;0.530087,75.9437506788952,13167.640405702276,,28.136829376220703,1204813652,6980,10,True,c504,19311307
PyANNS,ef=300 budget=0.15,48,0.9668338108882522,0.9912607449856734,4766.74613651447,3.611250216141343,0.0,0.5484205465763807,0.548421;0.549172;0.549758;0.547721;0.547927,78.57027887913765,12727.458961145738,,28.136829376220703,1204813652,6980,10,True,c504,19311307
PyANNS,ef=300 budget=0.1,48,0.9691690544412608,0.9932664756446992,4766.74613651447,3.611250216141343,0.0,0.5761863347142935,0.575964;0.576242;0.576296;0.576186;0.575764,82.5481854891538,12114.136659386564,,28.136829376220703,1204813652,6980,10,True,c504,19311307
PyANNS,ef=300 budget=0.07,48,0.9696848137535816,0.9936962750716333,4766.74613651447,3.611250216141343,0.0,0.6043913373723626,0.604391;0.604675;0.604526;0.603974;0.604290,86.58901681552473,11548.808807131622,,28.136829376220703,1204813652,6980,10,True,c504,19311307
PyANNS,ef=300 budget=0.03,48,0.9701289398280802,0.9939828080229226,4766.74613651447,3.611250216141343,0.0,0.6633742544800043,0.663374;0.663618;0.662516;0.662493;0.666219,95.03929147278,10521.96396357193,,28.136829376220703,1204813652,6980,10,True,c504,19311307
PyANNS,ef=300 budget=0.02,48,0.9702865329512894,0.9941260744985674,4766.74613651447,3.611250216141343,0.0,0.6856852192431688,0.681951;0.685685;0.687003;0.682019;0.686001,98.23570476263163,10179.598165619258,,28.136829376220703,1204813652,6980,10,True,c504,19311307
PyANNS,ef=300 budget=0.01,48,0.9703008595988538,0.994269340974212,4766.74613651447,3.611250216141343,0.0,0.7028437573462725,0.701945;0.702402;0.702844;0.703575;0.708652,100.69394804387858,9931.083440727125,,28.136829376220703,1204813652,6980,10,True,c504,19311307
PyANNS,ef=300 budget=0.05,48,0.9703295128939828,0.9944126074498567,4766.74613651447,3.611250216141343,0.0,0.6304004546254873,0.630555;0.630365;0.630400;0.630776;0.629953,90.31525137900964,11072.327040352036,,28.136829376220703,1204813652,6980,10,True,c504,19311307
PyANNS,ef=300 budget=0.005,48,0.9704154727793697,0.9944126074498567,4766.74613651447,3.611250216141343,0.0,0.7154912315309048,0.715997;0.715491;0.714122;0.714672;0.718435,102.50590709611816,9755.535347463594,,28.136829376220703,1204813652,6980,10,True,c504,19311307
PyANNS,ef=600 budget=0.3,48,0.9705444126074498,0.990974212034384,4766.74613651447,3.611250216141343,0.0,0.8843420250341296,0.884930;0.884412;0.884270;0.884342;0.883828,126.69656519113606,7892.873800417457,,28.14456558227539,1204813652,6980,10,True,c504,19311307
PyANNS,ef=600 budget=0.2,48,0.9772206303724928,0.9958452722063037,4766.74613651447,3.611250216141343,0.0,0.9211342008784413,0.924256;0.921134;0.921230;0.920359;0.920888,131.9676505556506,7577.614633506725,,28.14456558227539,1204813652,6980,10,True,c504,19311307
PyANNS,ef=600 budget=0.15,48,0.9795988538681949,0.9977077363896848,4766.74613651447,3.611250216141343,0.0,0.9578094715252519,0.957957;0.957589;0.957809;0.957582;0.957846,137.22198732453467,7287.46186742629,,28.14456558227539,1204813652,6980,10,True,c504,19311307
PyANNS,ef=600 budget=0.1,48,0.9801862464183381,0.9975644699140401,4766.74613651447,3.611250216141343,0.0,1.0161271672695875,1.016850;1.016347;1.016127;1.016054;1.015635,145.57695806154547,6869.218956871118,,28.14456558227539,1204813652,6980,10,True,c504,19311307
PyANNS,ef=600 budget=0.07,48,0.9805730659025788,0.9981375358166189,4766.74613651447,3.611250216141343,0.0,1.0798350982367992,1.072363;1.071861;1.079835;1.081517;1.080916,154.7041688018337,6463.949922906971,,28.14456558227539,1204813652,6980,10,True,c504,19311307
PyANNS,ef=600 budget=0.01,48,0.9808882521489971,0.9984240687679083,4766.74613651447,3.611250216141343,0.0,1.3012856403365731,1.264065;1.295415;1.301286;1.301462;1.301893,186.43060749807637,5363.926092502371,,28.14456558227539,1204813652,6980,10,True,c504,19311307
PyANNS,ef=600 budget=0.005,48,0.9810601719197708,0.998567335243553,4766.74613651447,3.611250216141343,0.0,1.3193079251796007,1.287775;1.310371;1.319308;1.321093;1.321777,189.0125967306018,5290.652672346977,,28.14456558227539,1204813652,6980,10,True,c504,19311307
PyANNS,ef=600 budget=0.02,48,0.98121776504298,0.9987106017191977,4766.74613651447,3.611250216141343,0.0,1.2609264766797423,1.222618;1.252327;1.261294;1.261251;1.260926,180.6484923609946,5535.612209825,,28.14456558227539,1204813652,6980,10,True,c504,19311307
PyANNS,ef=600 budget=0.05,48,0.9813610315186246,0.9988538681948425,4766.74613651447,3.611250216141343,0.0,1.1407881760969758,1.123423;1.129683;1.140788;1.144921;1.143759,163.43670144655812,6118.576740408507,,28.14456558227539,1204813652,6980,10,True,c504,19311307
PyANNS,ef=600 budget=0.03,48,0.9813896848137535,0.9987106017191977,4766.74613651447,3.611250216141343,0.0,1.2185717290267348,1.185026;1.207556;1.227008;1.218572;1.219927,174.5804769379276,5728.017345006748,,28.14456558227539,1204813652,6980,10,True,c504,19311307
SEISMIC,n_postings=3500 summary_energy=0.4 query_cut=3 heap_factor=0.9,48,0.8746848137535816,0.9935530085959885,207.6321878116578,1.8885656343773007,40.425802065990865,0.07615085318684578,0.077360;0.074398;0.076151;0.076333;0.076038,10.909864353416301,91660.16804662299,,10.625770568847656,6442220261,6980,10,True,c126,19232855
SEISMIC,n_postings=3500 summary_energy=0.4 query_cut=5 heap_factor=0.9,48,0.9040974212034384,0.9975644699140401,207.6321878116578,1.8885656343773007,40.425802065990865,0.08997717499732971,0.092729;0.079491;0.091354;0.089977;0.080655,12.890712750333769,77575.22949800489,,10.625770568847656,6442220261,6980,10,True,c126,19232855
SEISMIC,n_postings=3500 summary_energy=0.4 query_cut=10 heap_factor=0.9,48,0.9179226361031518,0.9984240687679083,207.6321878116578,1.8885656343773007,40.425802065990865,0.10590136144310236,0.108311;0.106183;0.097699;0.104913;0.105901,15.172114819928705,65910.38967662513,,10.625770568847656,6442220261,6980,10,True,c126,19232855
SEISMIC,n_postings=3500 summary_energy=0.4 query_cut=10 heap_factor=0.8,48,0.9520773638968482,0.9991404011461318,207.6321878116578,1.8885656343773007,40.425802065990865,0.14275532122701406,0.145654;0.132634;0.142755;0.143147;0.133698,20.45205175172121,48894.84987323297,,10.625770568847656,6442220261,6980,10,True,c126,19232855
SEISMIC,n_postings=3500 summary_energy=0.4 query_cut=20 heap_factor=0.8,48,0.9572492836676217,0.9995702005730659,207.6321878116578,1.8885656343773007,40.425802065990865,0.17412962391972542,0.177108;0.173977;0.176823;0.165453;0.174130,24.946937524315963,40085.08054446734,,10.625770568847656,6442220261,6980,10,True,c126,19232855
SEISMIC,n_postings=3500 summary_energy=0.4 query_cut=20 heap_factor=0.7,48,0.972650429799427,0.9997134670487106,207.6321878116578,1.8885656343773007,40.425802065990865,0.25068795680999756,0.254082;0.240849;0.253872;0.250688;0.247579,35.915180058738905,27843.379828933346,,10.625770568847656,6442220261,6980,10,True,c126,19232855
SEISMIC,n_postings=3500 summary_energy=0.4 query_cut=30 heap_factor=0.7,48,0.9742263610315186,0.9997134670487106,207.6321878116578,1.8885656343773007,40.425802065990865,0.292523892596364,0.290220;0.293197;0.292524;0.280730;0.294156,41.908867134149574,23861.298774768045,,10.625770568847656,6442220261,6980,10,True,c126,19232855
SINDI,doc_prune=0.7 query_prune=0.5 n_cand=10,48,0.5057879656,0.9705,50.4711,9.6857,0.0000,0.515856,0.516206;0.515822;0.516003;0.515856;0.515721,73.904871,13530.91,,27.65,0,6980,10,True,c417,19232852
SINDI,doc_prune=0.7 query_prune=0.4 n_cand=10,48,0.5065616046,0.9699,50.4711,9.6857,0.0000,0.596185,0.595538;0.596185;0.596141;0.596389;0.596351,85.413324,11707.78,,27.65,0,6980,10,True,c417,19232852
SINDI,doc_prune=0.7 query_prune=0.3 n_cand=10,48,0.5072636103,0.9698,50.4711,9.6857,0.0000,0.678300,0.678245;0.677926;0.678300;0.679454;0.678587,97.177650,10290.43,,27.65,0,6980,10,True,c417,19232852
SINDI,doc_prune=0.7 query_prune=0.1 n_cand=10,48,0.5076074499,0.9703,50.4711,9.6857,0.0000,0.840868,0.840868;0.840301;0.840369;0.841055;0.841646,120.468195,8300.95,,27.65,0,6980,10,True,c417,19232852
SINDI,doc_prune=0.7 query_prune=0.2 n_cand=10,48,0.5076504298,0.9703,50.4711,9.6857,0.0000,0.760526,0.760234;0.761679;0.760302;0.761645;0.760526,108.957880,9177.86,,27.65,0,6980,10,True,c417,19232852
SINDI,doc_prune=0.7 query_prune=0 n_cand=10,48,0.5077793696,0.9705,50.4711,9.6857,0.0000,0.930154,0.930154;0.929954;0.942444;0.930331;0.929476,133.259885,7504.13,,27.65,0,6980,10,True,c417,19232852
SINDI,doc_prune=0.6 query_prune=0.5 n_cand=10,48,0.6058739255,0.9924,52.8575,9.6857,0.0000,0.731966,0.733464;0.732455;0.731966;0.731200;0.731426,104.866189,9535.96,,27.65,0,6980,10,True,c417,19232852
SINDI,doc_prune=0.6 query_prune=0.4 n_cand=10,48,0.6068624642,0.9931,52.8575,9.6857,0.0000,0.844924,0.844875;0.845228;0.845154;0.844924;0.844443,121.049284,8261.10,,27.65,0,6980,10,True,c417,19232852
SINDI,doc_prune=0.6 query_prune=0.2 n_cand=10,48,0.6075644699,0.9932,52.8575,9.6857,0.0000,1.076027,1.076027;1.076959;1.075704;1.076654;1.075391,154.158596,6486.83,,27.65,0,6980,10,True,c417,19232852
SINDI,doc_prune=0.6 query_prune=0.1 n_cand=10,48,0.6077793696,0.9936,52.8575,9.6857,0.0000,1.188627,1.188596;1.188627;1.188798;1.189257;1.187995,170.290401,5872.32,,27.65,0,6980,10,True,c417,19232852
SINDI,doc_prune=0.6 query_prune=0 n_cand=10,48,0.6077793696,0.9936,52.8575,9.6857,0.0000,1.311178,1.311484;1.311178;1.311450;1.310775;1.310634,187.847851,5323.46,,27.65,0,6980,10,True,c417,19232852
SINDI,doc_prune=0.6 query_prune=0.3 n_cand=10,48,0.6078510029,0.9934,52.8575,9.6857,0.0000,0.960428,0.961707;0.960184;0.960983;0.960428;0.960072,137.597135,7267.59,,27.65,0,6980,10,True,c417,19232852
SINDI,doc_prune=0.7 query_prune=0.5 n_cand=20,48,0.6532951289,0.9851,50.4711,9.6857,0.0000,0.518327,0.518246;0.518735;0.517944;0.518327;0.518540,74.258883,13466.40,,27.65,0,6980,10,True,c417,19232852
SINDI,doc_prune=0.7 query_prune=0.4 n_cand=20,48,0.6537249284,0.9851,50.4711,9.6857,0.0000,0.599439,0.599409;0.599571;0.599693;0.599239;0.599439,85.879513,11644.22,,27.65,0,6980,10,True,c417,19232852
SINDI,doc_prune=0.7 query_prune=0.3 n_cand=20,48,0.6541117479,0.9854,50.4711,9.6857,0.0000,0.681075,0.680496;0.681075;0.681026;0.681732;0.681864,97.575215,10248.50,,27.65,0,6980,10,True,c417,19232852
SINDI,doc_prune=0.7 query_prune=0.2 n_cand=20,48,0.6542120344,0.9857,50.4711,9.6857,0.0000,0.763952,0.764124;0.763822;0.764487;0.763952;0.763632,109.448711,9136.70,,27.65,0,6980,10,True,c417,19232852
SINDI,doc_prune=0.7 query_prune=0 n_cand=20,48,0.6544269341,0.9860,50.4711,9.6857,0.0000,0.932481,0.932481;0.933561;0.932173;0.935167;0.931834,133.593266,7485.41,,27.65,0,6980,10,True,c417,19232852
SINDI,doc_prune=0.7 query_prune=0.1 n_cand=20,48,0.6544985673,0.9858,50.4711,9.6857,0.0000,0.844220,0.844186;0.850865;0.852976;0.844220;0.843732,120.948424,8267.99,,27.65,0,6980,10,True,c417,19232852
SINDI,doc_prune=0.5 query_prune=0.5 n_cand=10,48,0.6880659026,0.9986,54.9220,9.6857,0.0000,0.998036,0.998036;1.004479;0.998106;0.997455;0.995461,142.985100,6993.74,,27.65,0,6980,10,True,c417,19232852
SINDI,doc_prune=0.5 query_prune=0.4 n_cand=10,48,0.6887392550,0.9987,54.9220,9.6857,0.0000,1.150570,1.150775;1.150056;1.150570;1.150827;1.150081,164.838109,6066.56,,27.65,0,6980,10,True,c417,19232852
SINDI,doc_prune=0.5 query_prune=0.3 n_cand=10,48,0.6891547278,0.9991,54.9220,9.6857,0.0000,1.308466,1.308466;1.306462;1.309488;1.308630;1.307292,187.459312,5334.49,,27.65,0,6980,10,True,c417,19232852
SINDI,doc_prune=0.5 query_prune=0.2 n_cand=10,48,0.6895558739,0.9991,54.9220,9.6857,0.0000,1.465429,1.465360;1.465429;1.466091;1.465443;1.465365,209.946848,4763.11,,27.65,0,6980,10,True,c417,19232852
SINDI,doc_prune=0.5 query_prune=0.1 n_cand=10,48,0.6900716332,0.9991,54.9220,9.6857,0.0000,1.617470,1.619349;1.615850;1.619109;1.617364;1.617470,231.729226,4315.38,,27.65,0,6980,10,True,c417,19232852
SINDI,doc_prune=0.5 query_prune=0 n_cand=10,48,0.6901002865,0.9991,54.9220,9.6857,0.0000,1.785391,1.791381;1.794521;1.785298;1.783611;1.785391,255.786676,3909.51,,27.65,0,6980,10,True,c417,19232852
SINDI,doc_prune=0.6 query_prune=0.5 n_cand=20,48,0.7619340974,0.9977,52.8575,9.6857,0.0000,0.734547,0.734628;0.735838;0.734472;0.734000;0.734547,105.235960,9502.46,,27.65,0,6980,10,True,c417,19232852
SINDI,doc_prune=0.6 query_prune=0.4 n_cand=20,48,0.7623495702,0.9975,52.8575,9.6857,0.0000,0.847831,0.847733;0.848530;0.848334;0.847831;0.847547,121.465759,8232.77,,27.65,0,6980,10,True,c417,19232852
SINDI,doc_prune=0.4 query_prune=0.5 n_cand=10,48,0.7626217765,0.9996,57.9576,9.6857,0.0000,1.329203,1.331558;1.331989;1.328920;1.329203;1.328234,190.430229,5251.27,,27.65,0,6980,10,True,c417,19232852
SINDI,doc_prune=0.6 query_prune=0.3 n_cand=20,48,0.7626217765,0.9976,52.8575,9.6857,0.0000,0.965413,0.967108;0.978117;0.964156;0.963290;0.965413,138.311318,7230.07,,27.65,0,6980,10,True,c417,19232852
SINDI,doc_prune=0.6 query_prune=0.2 n_cand=20,48,0.7628653295,0.9976,52.8575,9.6857,0.0000,1.078631,1.079131;1.078239;1.078631;1.076999;1.079506,154.531662,6471.17,,27.65,0,6980,10,True,c417,19232852
SINDI,doc_prune=0.6 query_prune=0 n_cand=20,48,0.7631232092,0.9980,52.8575,9.6857,0.0000,1.315875,1.321523;1.320069;1.311828;1.315875;1.313685,188.520774,5304.46,,27.65,0,6980,10,True,c417,19232852
SINDI,doc_prune=0.6 query_prune=0.1 n_cand=20,48,0.7631948424,0.9980,52.8575,9.6857,0.0000,1.191012,1.191958;1.191012;1.191727;1.190850;1.190649,170.632092,5860.56,,27.65,0,6980,10,True,c417,19232852
SINDI,doc_prune=0.4 query_prune=0.4 n_cand=10,48,0.7647994269,0.9996,57.9576,9.6857,0.0000,1.543996,1.543996;1.543482;1.542789;1.544842;1.544618,221.202865,4520.74,,27.65,0,6980,10,True,c417,19232852
SINDI,doc_prune=0.4 query_prune=0.3 n_cand=10,48,0.7658022923,0.9997,57.9576,9.6857,0.0000,1.758269,1.758966;1.757826;1.757647;1.758269;1.758644,251.901003,3969.81,,27.65,0,6980,10,True,c417,19232852
SINDI,doc_prune=0.4 query_prune=0.2 n_cand=10,48,0.7658595989,0.9997,57.9576,9.6857,0.0000,1.973924,1.973080;1.973939;1.974582;1.973358;1.973924,282.797135,3536.10,,27.65,0,6980,10,True,c417,19232852
SINDI,doc_prune=0.4 query_prune=0.1 n_cand=10,48,0.7664326648,0.9997,57.9576,9.6857,0.0000,2.175308,2.195700;2.181874;2.175308;2.174833;2.171798,311.648711,3208.74,,27.65,0,6980,10,True,c417,19232852
SINDI,doc_prune=0.4 query_prune=0 n_cand=10,48,0.7665616046,0.9997,57.9576,9.6857,0.0000,2.396445,2.397867;2.396445;2.396162;2.395757;2.398589,343.330229,2912.65,,27.65,0,6980,10,True,c417,19232852
SINDI,doc_prune=0.7 query_prune=0.5 n_cand=50,48,0.7893123209,0.9956,50.4711,9.6857,0.0000,0.528316,0.528433;0.528554;0.527576;0.528316;0.527676,75.689971,13211.79,,27.65,0,6980,10,True,c417,19232852
SINDI,doc_prune=0.7 query_prune=0.4 n_cand=50,48,0.7903151862,0.9956,50.4711,9.6857,0.0000,0.608824,0.608727;0.608824;0.608926;0.608225;0.613050,87.224069,11464.73,,27.65,0,6980,10,True,c417,19232852
SINDI,doc_prune=0.7 query_prune=0.3 n_cand=50,48,0.7906160458,0.9954,50.4711,9.6857,0.0000,0.690544,0.690088;0.690544;0.691344;0.690195;0.691358,98.931805,10107.97,,27.65,0,6980,10,True,c417,19232852
SINDI,doc_prune=0.7 query_prune=0.2 n_cand=50,48,0.7908309456,0.9954,50.4711,9.6857,0.0000,0.773785,0.774590;0.773600;0.773785;0.772876;0.774565,110.857450,9020.59,,27.65,0,6980,10,True,c417,19232852
SINDI,doc_prune=0.7 query_prune=0 n_cand=50,48,0.7910171920,0.9954,50.4711,9.6857,0.0000,0.943040,0.941495;0.943648;0.943040;0.943595;0.942539,135.106017,7401.59,,27.65,0,6980,10,True,c417,19232852
SINDI,doc_prune=0.7 query_prune=0.1 n_cand=50,48,0.7910458453,0.9954,50.4711,9.6857,0.0000,0.853760,0.853760;0.853523;0.854396;0.853365;0.854220,122.315186,8175.60,,27.65,0,6980,10,True,c417,19232852
SINDI,doc_prune=0.3 query_prune=0.5 n_cand=10,48,0.8281518625,0.9999,62.2554,9.6857,0.0000,1.764706,1.755245;1.766728;1.763911;1.764706;1.765022,252.823209,3955.33,,27.65,0,6980,10,True,c417,19232852
SINDI,doc_prune=0.3 query_prune=0.4 n_cand=10,48,0.8322349570,0.9999,62.2554,9.6857,0.0000,2.065409,2.063066;2.065409;2.064936;2.066976;2.065656,295.903868,3379.48,,27.65,0,6980,10,True,c417,19232852
SINDI,doc_prune=0.3 query_prune=0.3 n_cand=10,48,0.8342550143,1.0000,62.2554,9.6857,0.0000,2.366840,2.366052;2.364487;2.367582;2.366840;2.369073,339.088825,2949.08,,27.65,0,6980,10,True,c417,19232852
SINDI,doc_prune=0.3 query_prune=0.2 n_cand=10,48,0.8346131805,1.0000,62.2554,9.6857,0.0000,2.652906,2.654580;2.652906;2.654326;2.649950;2.646637,380.072493,2631.08,,27.65,0,6980,10,True,c417,19232852
SINDI,doc_prune=0.3 query_prune=0.1 n_cand=10,48,0.8348567335,1.0000,62.2554,9.6857,0.0000,2.917187,2.917187;2.916817;2.915044;2.926462;2.917992,417.935100,2392.72,,27.65,0,6980,10,True,c417,19232852
SINDI,doc_prune=0.3 query_prune=0 n_cand=10,48,0.8348567335,1.0000,62.2554,9.6857,0.0000,3.234495,3.232765;3.233500;3.234495;3.235000;3.245189,463.394699,2157.99,,27.65,0,6980,10,True,c417,19232852
SINDI,doc_prune=0.5 query_prune=0.5 n_cand=20,48,0.8450716332,0.9999,54.9220,9.6857,0.0000,0.998386,0.998517;0.998386;0.998462;0.997337;0.998157,143.035244,6991.28,,27.65,0,6980,10,True,c417,19232852
SINDI,doc_prune=0.5 query_prune=0.4 n_cand=20,48,0.8463467049,0.9999,54.9220,9.6857,0.0000,1.153068,1.153068;1.152858;1.152713;1.153499;1.154060,165.195989,6053.42,,27.65,0,6980,10,True,c417,19232852
SINDI,doc_prune=0.5 query_prune=0.2 n_cand=20,48,0.8470200573,0.9997,54.9220,9.6857,0.0000,1.469074,1.469122;1.469038;1.469439;1.469074;1.467617,210.469054,4751.29,,27.65,0,6980,10,True,c417,19232852
SINDI,doc_prune=0.5 query_prune=0 n_cand=20,48,0.8471060172,0.9997,54.9220,9.6857,0.0000,1.786805,1.786549;1.786805;1.787977;1.786613;1.787840,255.989255,3906.41,,27.65,0,6980,10,True,c417,19232852
SINDI,doc_prune=0.5 query_prune=0.3 n_cand=20,48,0.8471346705,0.9999,54.9220,9.6857,0.0000,1.311736,1.311736;1.312025;1.310933;1.311836;1.310330,187.927794,5321.19,,27.65,0,6980,10,True,c417,19232852
SINDI,doc_prune=0.5 query_prune=0.1 n_cand=20,48,0.8471346705,0.9997,54.9220,9.6857,0.0000,1.620469,1.621827;1.619360;1.621350;1.620114;1.620469,232.158883,4307.39,,27.65,0,6980,10,True,c417,19232852
SINDI,doc_prune=0.6 query_prune=0.5 n_cand=50,48,0.8823065903,0.9996,52.8575,9.6857,0.0000,0.743457,0.743801;0.743257;0.743457;0.743751;0.742546,106.512464,9388.57,,27.65,0,6980,10,True,c417,19232852
SINDI,doc_prune=0.6 query_prune=0.4 n_cand=50,48,0.8832521490,0.9996,52.8575,9.6857,0.0000,0.857730,0.858162;0.857408;0.861428;0.857248;0.857730,122.883954,8137.76,,27.65,0,6980,10,True,c417,19232852
SINDI,doc_prune=0.2 query_prune=0.5 n_cand=10,48,0.8834957020,1.0000,65.7227,9.6857,0.0000,2.353433,2.351183;2.353239;2.353433;2.355938;2.358662,337.168052,2965.88,,27.65,0,6980,10,True,c417,19232852
SINDI,doc_prune=0.6 query_prune=0.2 n_cand=50,48,0.8836532951,0.9996,52.8575,9.6857,0.0000,1.088795,1.088041;1.088795;1.089409;1.089322;1.088196,155.987822,6410.76,,27.65,0,6980,10,True,c417,19232852
SINDI,doc_prune=0.6 query_prune=0.3 n_cand=50,48,0.8836676218,0.9996,52.8575,9.6857,0.0000,0.972956,0.973918;0.972583;0.972956;0.973157;0.972716,139.391977,7174.01,,27.65,0,6980,10,True,c417,19232852
SINDI,doc_prune=0.6 query_prune=0.1 n_cand=50,48,0.8838538682,0.9996,52.8575,9.6857,0.0000,1.201394,1.202297;1.200602;1.201332;1.201490;1.201394,172.119484,5809.92,,27.65,0,6980,10,True,c417,19232852
SINDI,doc_prune=0.6 query_prune=0 n_cand=50,48,0.8840114613,0.9996,52.8575,9.6857,0.0000,1.323967,1.324601;1.322103;1.323967;1.324863;1.323904,189.680086,5272.03,,27.65,0,6980,10,True,c417,19232852
SINDI,doc_prune=0.2 query_prune=0.4 n_cand=10,48,0.8904584527,1.0000,65.7227,9.6857,0.0000,2.783291,2.783141;2.783291;2.784245;2.782159;2.784538,398.752292,2507.82,,27.65,0,6980,10,True,c417,19232852
SINDI,doc_prune=0.2 query_prune=0.3 n_cand=10,48,0.8940830946,1.0000,65.7227,9.6857,0.0000,3.193530,3.198299;3.193530;3.193147;3.195397;3.190914,457.525788,2185.67,,27.65,0,6980,10,True,c417,19232852
SINDI,doc_prune=0.2 query_prune=0.2 n_cand=10,48,0.8956303725,1.0000,65.7227,9.6857,0.0000,3.583858,3.583124;3.583215;3.583858;3.586824;3.585895,513.446705,1947.62,,27.65,0,6980,10,True,c417,19232852
SINDI,doc_prune=0.2 query_prune=0.1 n_cand=10,48,0.8962177650,1.0000,65.7227,9.6857,0.0000,3.981970,3.978513;3.983781;3.981970;3.982805;3.979801,570.482808,1752.90,,27.65,0,6980,10,True,c417,19232852
SINDI,doc_prune=0.2 query_prune=0 n_cand=10,48,0.8963610315,1.0000,65.7227,9.6857,0.0000,4.385932,4.381556;4.379471;4.389580;4.393876;4.385932,628.357020,1591.45,,27.65,0,6980,10,True,c417,19232852
SINDI,doc_prune=0.4 query_prune=0.5 n_cand=20,48,0.9113467049,1.0000,57.9576,9.6857,0.0000,1.330039,1.331509;1.329924;1.329754;1.330717;1.330039,190.550000,5247.97,,27.65,0,6980,10,True,c417,19232852
SINDI,doc_prune=0.4 query_prune=0.4 n_cand=20,48,0.9131232092,1.0000,57.9576,9.6857,0.0000,1.547927,1.547927;1.548950;1.547432;1.547091;1.550387,221.766046,4509.26,,27.65,0,6980,10,True,c417,19232852
SINDI,doc_prune=0.4 query_prune=0.3 n_cand=20,48,0.9136246418,1.0000,57.9576,9.6857,0.0000,1.762490,1.762490;1.762586;1.761067;1.762735;1.761278,252.505731,3960.31,,27.65,0,6980,10,True,c417,19232852
SINDI,doc_prune=0.4 query_prune=0.2 n_cand=20,48,0.9140401146,1.0000,57.9576,9.6857,0.0000,1.977361,1.978484;1.977361;1.977701;1.975516;1.976747,283.289542,3529.96,,27.65,0,6980,10,True,c417,19232852
SINDI,doc_prune=0.4 query_prune=0.1 n_cand=20,48,0.9142836676,1.0000,57.9576,9.6857,0.0000,2.177869,2.177869;2.176564;2.184237;2.205067;2.176586,312.015616,3204.97,,27.65,0,6980,10,True,c417,19232852
SINDI,doc_prune=0.4 query_prune=0 n_cand=20,48,0.9144126074,1.0000,57.9576,9.6857,0.0000,2.398773,2.399208;2.398773;2.398511;2.398999;2.398247,343.663754,2909.82,,27.65,0,6980,10,True,c417,19232852
SINDI,doc_prune=0.1 query_prune=0.5 n_cand=10,48,0.9213323782,1.0000,72.1319,9.6857,0.0000,3.223236,3.216456;3.216948;3.223236;3.226104;3.238006,461.781662,2165.53,,27.65,0,6980,10,True,c417,19232852
SINDI,doc_prune=0.1 query_prune=0.4 n_cand=10,48,0.9352865330,1.0000,72.1319,9.6857,0.0000,3.840130,3.836964;3.836347;3.841468;3.840130;3.847803,550.161891,1817.65,,27.65,0,6980,10,True,c417,19232852
SINDI,doc_prune=0 query_prune=0.5 n_cand=10,48,0.9380802292,1.0000,96.9456,9.6857,0.0000,5.391777,5.399395;5.386723;5.381523;5.391777;5.399758,772.460888,1294.56,,27.65,0,6980,10,True,c417,19232852
SINDI,doc_prune=0.5 query_prune=0.5 n_cand=50,48,0.9405873926,1.0000,54.9220,9.6857,0.0000,1.006825,1.008004;1.007398;1.006176;1.006480;1.006825,144.244269,6932.68,,27.65,0,6980,10,True,c417,19232852
SINDI,doc_prune=0.5 query_prune=0.4 n_cand=50,48,0.9411031519,1.0000,54.9220,9.6857,0.0000,1.163011,1.162912;1.162888;1.163011;1.163925;1.163584,166.620487,6001.66,,27.65,0,6980,10,True,c417,19232852
SINDI,doc_prune=0.5 query_prune=0.3 n_cand=50,48,0.9413467049,1.0000,54.9220,9.6857,0.0000,1.321600,1.320884;1.319962;1.322716;1.321600;1.335001,189.340974,5281.48,,27.65,0,6980,10,True,c417,19232852
SINDI,doc_prune=0.5 query_prune=0.2 n_cand=50,48,0.9414613181,1.0000,54.9220,9.6857,0.0000,1.477551,1.476665;1.478480;1.478793;1.476076;1.477551,211.683524,4724.03,,27.65,0,6980,10,True,c417,19232852
SINDI,doc_prune=0.5 query_prune=0.1 n_cand=50,48,0.9415186246,1.0000,54.9220,9.6857,0.0000,1.629669,1.629669;1.630257;1.629482;1.628676;1.629938,233.476934,4283.08,,27.65,0,6980,10,True,c417,19232852
SINDI,doc_prune=0.5 query_prune=0 n_cand=50,48,0.9416332378,1.0000,54.9220,9.6857,0.0000,1.796625,1.795338;1.800174;1.798119;1.796625;1.795955,257.396132,3885.06,,27.65,0,6980,10,True,c417,19232852
SINDI,doc_prune=0.1 query_prune=0.3 n_cand=10,48,0.9437106017,1.0000,72.1319,9.6857,0.0000,4.410690,4.415024;4.418014;4.408519;4.410690;4.409779,631.904011,1582.52,,27.65,0,6980,10,True,c417,19232852
SINDI,doc_prune=0.1 query_prune=0.2 n_cand=10,48,0.9469770774,1.0000,72.1319,9.6857,0.0000,5.007409,5.007409;5.007543;5.004407;5.211029;5.002183,717.393840,1393.93,,27.65,0,6980,10,True,c417,19232852
SINDI,doc_prune=0.1 query_prune=0.1 n_cand=10,48,0.9484527221,1.0000,72.1319,9.6857,0.0000,5.066684,5.063953;5.066684;5.065300;5.084334;5.072849,725.885960,1377.63,,27.65,0,6980,10,True,c417,19232852
SINDI,doc_prune=0.1 query_prune=0 n_cand=10,48,0.9485816619,1.0000,72.1319,9.6857,0.0000,5.540167,5.540167;5.537404;5.542404;5.536895;5.542439,793.720201,1259.89,,27.65,0,6980,10,True,c417,19232852
SINDI,doc_prune=0.3 query_prune=0.5 n_cand=20,48,0.9589111748,1.0000,62.2554,9.6857,0.0000,1.768435,1.766956;1.769191;1.768435;1.767785;1.771288,253.357450,3946.99,,27.65,0,6980,10,True,c417,19232852
SINDI,doc_prune=0 query_prune=0.4 n_cand=10,48,0.9589971347,1.0000,96.9456,9.6857,0.0000,6.527684,6.532543;6.530678;6.527684;6.525847;6.513318,935.198281,1069.29,,27.65,0,6980,10,True,c417,19232852
SINDI,doc_prune=0.3 query_prune=0.4 n_cand=20,48,0.9604441261,1.0000,62.2554,9.6857,0.0000,2.071016,2.068009;2.068859;2.076201;2.074733;2.071016,296.707163,3370.33,,27.65,0,6980,10,True,c417,19232852
SINDI,doc_prune=0.3 query_prune=0.3 n_cand=20,48,0.9615329513,1.0000,62.2554,9.6857,0.0000,2.371002,2.373392;2.371002;2.372094;2.370749;2.371001,339.685100,2943.90,,27.65,0,6980,10,True,c417,19232852
SINDI,doc_prune=0.3 query_prune=0.2 n_cand=20,48,0.9618194842,1.0000,62.2554,9.6857,0.0000,2.647040,2.646654;2.647979;2.647040;2.644405;2.647833,379.232092,2636.91,,27.65,0,6980,10,True,c417,19232852
SINDI,doc_prune=0.3 query_prune=0.1 n_cand=20,48,0.9620487106,1.0000,62.2554,9.6857,0.0000,2.924005,2.925368;2.919725;2.922386;2.924005;2.924882,418.911891,2387.14,,27.65,0,6980,10,True,c417,19232852
SINDI,doc_prune=0.3 query_prune=0 n_cand=20,48,0.9620630372,1.0000,62.2554,9.6857,0.0000,3.238672,3.246487;3.238606;3.240566;3.238672;3.233812,463.993123,2155.20,,27.65,0,6980,10,True,c417,19232852
SINDI,doc_prune=0 query_prune=0.3 n_cand=10,48,0.9755444126,1.0000,96.9456,9.6857,0.0000,7.579295,7.571018;7.575693;7.579295;7.592211;7.586485,1085.858883,920.93,,27.65,0,6980,10,True,c417,19232852
SINDI,doc_prune=0.4 query_prune=0.5 n_cand=50,48,0.9764756447,1.0000,57.9576,9.6857,0.0000,1.342265,1.340215;1.339642;1.342265;1.349216;1.345860,192.301576,5200.17,,27.65,0,6980,10,True,c417,19232852
SINDI,doc_prune=0.4 query_prune=0.4 n_cand=50,48,0.9771776504,1.0000,57.9576,9.6857,0.0000,1.557122,1.556805;1.557122;1.556908;1.557378;1.560111,223.083381,4482.63,,27.65,0,6980,10,True,c417,19232852
SINDI,doc_prune=0.4 query_prune=0.3 n_cand=50,48,0.9774641834,1.0000,57.9576,9.6857,0.0000,1.772827,1.774780;1.771163;1.771981;1.782838;1.772827,253.986676,3937.21,,27.65,0,6980,10,True,c417,19232852
SINDI,doc_prune=0.4 query_prune=0.1 n_cand=50,48,0.9777363897,1.0000,57.9576,9.6857,0.0000,2.186631,2.185831;2.189885;2.189053;2.184211;2.186631,313.270917,3192.13,,27.65,0,6980,10,True,c417,19232852
SINDI,doc_prune=0.4 query_prune=0 n_cand=50,48,0.9777793696,1.0000,57.9576,9.6857,0.0000,2.409888,2.411074;2.409791;2.409888;2.409413;2.418740,345.256160,2896.40,,27.65,0,6980,10,True,c417,19232852
SINDI,doc_prune=0.4 query_prune=0.2 n_cand=50,48,0.9778080229,1.0000,57.9576,9.6857,0.0000,1.986461,1.986461;2.035870;1.986888;1.985910;1.984786,284.593266,3513.79,,27.65,0,6980,10,True,c417,19232852
SINDI,doc_prune=0.2 query_prune=0.5 n_cand=20,48,0.9853724928,1.0000,65.7227,9.6857,0.0000,2.369642,2.364119;2.367578;2.369642;2.370178;2.372552,339.490258,2945.59,,27.65,0,6980,10,True,c417,19232852
SINDI,doc_prune=0 query_prune=0.2 n_cand=10,48,0.9872349570,1.0000,96.9456,9.6857,0.0000,8.651120,8.640583;8.656171;8.651833;8.650715;8.651120,1239.415473,806.83,,27.65,0,6980,10,True,c417,19232852
SINDI,doc_prune=0.2 query_prune=0.4 n_cand=20,48,0.9881661891,1.0000,65.7227,9.6857,0.0000,2.790079,2.791738;2.790079;2.789412;2.788398;2.792596,399.724785,2501.72,,27.65,0,6980,10,True,c417,19232852
SINDI,doc_prune=0.2 query_prune=0.3 n_cand=20,48,0.9885959885,1.0000,65.7227,9.6857,0.0000,3.192739,3.189601;3.195429;3.192739;3.189281;3.193092,457.412464,2186.21,,27.65,0,6980,10,True,c417,19232852
SINDI,doc_prune=0.2 query_prune=0 n_cand=20,48,0.9888395415,1.0000,65.7227,9.6857,0.0000,4.395297,4.394624;4.394178;4.396767;4.397434;4.395297,629.698711,1588.06,,27.65,0,6980,10,True,c417,19232852
SINDI,doc_prune=0.2 query_prune=0.1 n_cand=20,48,0.9888681948,1.0000,65.7227,9.6857,0.0000,3.978750,3.984375;3.979461;3.978750;3.975802;3.975181,570.021490,1754.32,,27.65,0,6980,10,True,c417,19232852
SINDI,doc_prune=0.2 query_prune=0.2 n_cand=20,48,0.9889111748,1.0000,65.7227,9.6857,0.0000,3.595083,3.590505;3.599825;3.596854;3.588975;3.595083,515.054871,1941.54,,27.65,0,6980,10,True,c417,19232852
SINDI,doc_prune=0.3 query_prune=0.5 n_cand=50,48,0.9929512894,1.0000,62.2554,9.6857,0.0000,1.780927,1.780834;1.779084;1.782331;1.780927;1.784939,255.147135,3919.31,,27.65,0,6980,10,True,c417,19232852
SINDI,doc_prune=0.3 query_prune=0.4 n_cand=50,48,0.9933524355,1.0000,62.2554,9.6857,0.0000,2.082391,2.082173;2.082038;2.083974;2.082391;2.085149,298.336819,3351.92,,27.65,0,6980,10,True,c417,19232852
SINDI,doc_prune=0.3 query_prune=0.3 n_cand=50,48,0.9935386819,1.0000,62.2554,9.6857,0.0000,2.380535,2.378456;2.381061;2.380535;2.379791;2.382097,341.050860,2932.11,,27.65,0,6980,10,True,c417,19232852
SINDI,doc_prune=0.3 query_prune=0 n_cand=50,48,0.9935673352,1.0000,62.2554,9.6857,0.0000,3.237469,3.242816;3.237469;3.240722;3.236960;3.235073,463.820774,2156.01,,27.65,0,6980,10,True,c417,19232852
SINDI,doc_prune=0.3 query_prune=0.1 n_cand=50,48,0.9935959885,1.0000,62.2554,9.6857,0.0000,2.938919,2.935977;2.938919;2.937834;2.940280;2.941647,421.048567,2375.02,,27.65,0,6980,10,True,c417,19232852
SINDI,doc_prune=0.3 query_prune=0.2 n_cand=50,48,0.9936103152,1.0000,62.2554,9.6857,0.0000,2.650077,2.721316;2.681029;2.649935;2.650077;2.649576,379.667192,2633.89,,27.65,0,6980,10,True,c417,19232852
SINDI,doc_prune=0 query_prune=0.1 n_cand=10,48,0.9952292264,1.0000,96.9456,9.6857,0.0000,8.147258,8.147258;8.146027;8.148968;8.143935;8.158667,1167.228940,856.73,,27.65,0,6980,10,True,c417,19232852
SINDI,doc_prune=0.1 query_prune=0.5 n_cand=20,48,0.9956590258,1.0000,72.1319,9.6857,0.0000,3.241986,3.239166;3.240506;3.243976;3.244763;3.241986,464.467908,2153.00,,27.65,0,6980,10,True,c417,19232852
SINDI,doc_prune=0 query_prune=0.5 n_cand=20,48,0.9977077364,1.0000,96.9456,9.6857,0.0000,5.426514,5.422767;5.426514;5.423586;5.429292;5.429786,777.437536,1286.28,,27.65,0,6980,10,True,c417,19232852
SINDI,doc_prune=0.1 query_prune=0.4 n_cand=20,48,0.9979083095,1.0000,72.1319,9.6857,0.0000,3.843075,3.846850;3.848952;3.843075;3.840496;3.839997,550.583811,1816.25,,27.65,0,6980,10,True,c417,19232852
SINDI,doc_prune=0.1 query_prune=0.3 n_cand=20,48,0.9985530086,1.0000,72.1319,9.6857,0.0000,4.413628,4.414120;4.410402;4.414944;4.413628;4.413456,632.324928,1581.47,,27.65,0,6980,10,True,c417,19232852
SINDI,doc_prune=0.1 query_prune=0.2 n_cand=20,48,0.9987106017,1.0000,72.1319,9.6857,0.0000,5.006763,5.004686;5.006763;5.005541;5.009589;5.008981,717.301289,1394.11,,27.65,0,6980,10,True,c417,19232852
SINDI,doc_prune=0.2 query_prune=0.5 n_cand=50,48,0.9987535817,1.0000,65.7227,9.6857,0.0000,2.383782,2.382214;2.385500;2.381931;2.385172;2.383782,341.516046,2928.12,,27.65,0,6980,10,True,c417,19232852
SINDI,doc_prune=0.1 query_prune=0.1 n_cand=20,48,0.9988252149,1.0000,72.1319,9.6857,0.0000,5.075578,5.072801;5.075578;5.074823;5.075708;5.076841,727.160172,1375.21,,27.65,0,6980,10,True,c417,19232852
SINDI,doc_prune=0.1 query_prune=0 n_cand=20,48,0.9988681948,1.0000,72.1319,9.6857,0.0000,5.538525,5.539506;5.544982;5.538525;5.537197;5.536718,793.484957,1260.26,,27.65,0,6980,10,True,c417,19232852
SINDI,doc_prune=0.2 query_prune=0.4 n_cand=50,48,0.9989684814,1.0000,65.7227,9.6857,0.0000,2.802358,2.802358;2.801416;2.801224;2.803353;2.806014,401.483954,2490.76,,27.65,0,6980,10,True,c417,19232852
SINDI,doc_prune=0.2 query_prune=0.3 n_cand=50,48,0.9990830946,1.0000,65.7227,9.6857,0.0000,3.195312,3.197498;3.195312;3.195031;3.197139;3.192354,457.781089,2184.45,,27.65,0,6980,10,True,c417,19232852
SINDI,doc_prune=0.2 query_prune=0 n_cand=50,48,0.9990830946,1.0000,65.7227,9.6857,0.0000,4.409062,4.408801;4.409062;4.408650;4.414837;4.415281,631.670774,1583.10,,27.65,0,6980,10,True,c417,19232852
SINDI,doc_prune=0.2 query_prune=0.2 n_cand=50,48,0.9990974212,1.0000,65.7227,9.6857,0.0000,3.606081,3.606081;3.603927;3.603947;3.609968;3.610072,516.630516,1935.62,,27.65,0,6980,10,True,c417,19232852
SINDI,doc_prune=0.2 query_prune=0.1 n_cand=50,48,0.9990974212,1.0000,65.7227,9.6857,0.0000,3.980674,3.984620;4.181262;3.956282;3.980674;3.977610,570.297135,1753.47,,27.65,0,6980,10,True,c417,19232852
SINDI,doc_prune=0 query_prune=0.4 n_cand=20,48,0.9995128940,1.0000,96.9456,9.6857,0.0000,6.497749,6.501299;6.497749;6.497162;6.496391;6.498023,930.909599,1074.22,,27.65,0,6980,10,True,c417,19232852
SINDI,doc_prune=0.1 query_prune=0.5 n_cand=50,48,0.9998424069,1.0000,72.1319,9.6857,0.0000,3.252153,3.252153;3.252108;3.251123;3.252290;3.254478,465.924499,2146.27,,27.65,0,6980,10,True,c417,19232852
SINDI,doc_prune=0 query_prune=0.5 n_cand=50,48,0.9998710602,1.0000,96.9456,9.6857,0.0000,5.441494,5.441268;5.440284;5.441494;5.450917;5.453943,779.583668,1282.74,,27.65,0,6980,10,True,c417,19232852
SINDI,doc_prune=0 query_prune=0.3 n_cand=20,48,0.9998710602,1.0000,96.9456,9.6857,0.0000,7.575331,7.586883;7.583710;7.575331;7.573480;7.567709,1085.290974,921.41,,27.65,0,6980,10,True,c417,19232852
SINDI,doc_prune=0.1 query_prune=0.3 n_cand=50,48,0.9998710602,1.0000,72.1319,9.6857,0.0000,4.425732,4.425732;4.421629;4.424870;4.427549;4.430668,634.059026,1577.14,,27.65,0,6980,10,True,c417,19232852
SINDI,doc_prune=0 query_prune=0.1 n_cand=50,48,0.9998997135,1.0000,96.9456,9.6857,0.0000,8.164061,8.164295;8.156619;8.158030;8.164061;8.164766,1169.636246,854.97,,27.65,0,6980,10,True,c417,19232852
SINDI,doc_prune=0 query_prune=0 n_cand=10,48,0.9999140401,1.0000,96.9456,9.6857,0.0000,9.001369,9.003321;8.999827;9.013946;8.997544;9.001369,1289.594413,775.44,,27.65,0,6980,10,True,c417,19232852
SINDI,doc_prune=0.1 query_prune=0 n_cand=50,48,0.9999140401,1.0000,72.1319,9.6857,0.0000,5.545431,5.548109;5.556442;5.545431;5.544416;5.544321,794.474355,1258.69,,27.65,0,6980,10,True,c417,19232852
SINDI,doc_prune=0 query_prune=0.3 n_cand=50,48,0.9999283668,1.0000,96.9456,9.6857,0.0000,7.572040,7.579276;7.573777;7.572040;7.569974;7.569378,1084.819484,921.81,,27.65,0,6980,10,True,c417,19232852
SINDI,doc_prune=0 query_prune=0.1 n_cand=20,48,0.9999283668,1.0000,96.9456,9.6857,0.0000,8.152739,8.152739;8.145436;8.155723;8.150671;8.153862,1168.014183,856.15,,27.65,0,6980,10,True,c417,19232852
SINDI,doc_prune=0 query_prune=0 n_cand=50,48,0.9999283668,1.0000,96.9456,9.6857,0.0000,9.015416,9.011609;9.015416;9.019451;9.036754;9.010840,1291.606877,774.23,,27.65,0,6980,10,True,c417,19232852
SINDI,doc_prune=0.1 query_prune=0.2 n_cand=50,48,0.9999283668,1.0000,72.1319,9.6857,0.0000,5.006222,5.005486;5.009107;5.006222;5.290925;5.003187,717.223782,1394.26,,27.65,0,6980,10,True,c417,19232852
SINDI,doc_prune=0.1 query_prune=0.1 n_cand=50,48,0.9999283668,1.0000,72.1319,9.6857,0.0000,5.088386,5.087625;5.088044;5.094188;5.093482;5.088386,728.995129,1371.75,,27.65,0,6980,10,True,c417,19232852
SINDI,doc_prune=0 query_prune=0.4 n_cand=50,48,0.9999426934,1.0000,96.9456,9.6857,0.0000,6.509055,6.509055;6.705470;6.594966;6.501470;6.507526,932.529370,1072.35,,27.65,0,6980,10,True,c417,19232852
SINDI,doc_prune=0 query_prune=0.2 n_cand=20,48,0.9999426934,1.0000,96.9456,9.6857,0.0000,8.660379,8.656048;8.664173;8.660379;8.661479;8.656783,1240.741977,805.97,,27.65,0,6980,10,True,c417,19232852
SINDI,doc_prune=0 query_prune=0.2 n_cand=50,48,0.9999426934,1.0000,96.9456,9.6857,0.0000,8.675177,8.670756;8.673579;8.676838;8.675177;8.695855,1242.862034,804.59,,27.65,0,6980,10,True,c417,19232852
SINDI,doc_prune=0.1 query_prune=0.4 n_cand=50,48,0.9999570201,1.0000,72.1319,9.6857,0.0000,3.841357,3.844810;3.843200;3.840686;3.841357;3.840288,550.337679,1817.07,,27.65,0,6980,10,True,c417,19232852
SINDI,doc_prune=0 query_prune=0 n_cand=20,48,0.9999713467,1.0000,96.9456,9.6857,0.0000,9.001712,8.997142;9.019774;9.001712;9.009395;8.999142,1289.643553,775.41,,27.65,0,6980,10,True,c417,19232852
SparseHNSW,M=32 efC=200 ef=10 alpha=0.8 beta=3,48,0.8593266476,0.9169,590.9249,11.5666,0.0000,0.036949,0.036971;0.036949;0.036959;0.036899;0.036877,5.293553,188909.04,,11.12,0,6980,10,True,c250,19271186
SparseHNSW,M=32 efC=200 ef=20 alpha=0.8 beta=3,48,0.8593266476,0.9169,590.9249,11.5666,0.0000,0.036946,0.037001;0.036898;0.036928;0.037005;0.036946,5.293123,188924.38,,11.12,0,6980,10,True,c250,19271186
SparseHNSW,M=32 efC=200 ef=50 alpha=0.8 beta=3,48,0.8993409742,0.9463,590.9249,11.5666,0.0000,0.050566,0.050566;0.050565;0.050594;0.050528;0.050624,7.244413,138037.42,,11.12,0,6980,10,True,c250,19271186
SparseHNSW,M=32 efC=200 ef=100 alpha=0.8 beta=3,48,0.9334383954,0.9725,590.9249,11.5666,0.0000,0.082516,0.086136;0.082424;0.082504;0.082516;0.082564,11.821777,84589.66,,11.12,0,6980,10,True,c250,19271186
SparseHNSW,M=32 efC=200 ef=200 alpha=0.8 beta=3,48,0.9553868195,0.9877,590.9249,11.5666,0.0000,0.143403,0.143293;0.143403;0.143307;0.147291;0.148492,20.544842,48674.02,,11.12,0,6980,10,True,c250,19271186
SparseHNSW,M=32 efC=200 ef=400 alpha=0.8 beta=3,48,0.9672636103,0.9947,590.9249,11.5666,0.0000,0.273995,0.280896;0.278041;0.273808;0.273995;0.273867,39.254298,25474.92,,11.12,0,6980,10,True,c250,19271186
SparseHNSW,M=32 efC=200 ef=800 alpha=0.8 beta=3,48,0.9750429799,0.9979,590.9249,11.5666,0.0000,0.520726,0.521152;0.526485;0.520726;0.518948;0.518346,74.602579,13404.36,,11.13,0,6980,10,True,c250,19271186
SparseHNSW,M=32 efC=200 ef=1600 alpha=0.8 beta=3,48,0.9808022923,0.9993,590.9249,11.5666,0.0000,0.998907,0.998907;0.999110;0.999073;0.998452;0.998023,143.109885,6987.64,,11.14,0,6980,10,True,c250,19271186
SparseHNSW,M=32 efC=200 ef=3200 alpha=0.8 beta=3,48,0.9844269341,1.0000,590.9249,11.5666,0.0000,1.933340,1.933516;1.932648;1.932186;1.933453;1.933340,276.982808,3610.33,,11.16,0,6980,10,True,c250,19271186
kANNolo,m=32 efC=200 ef=10,48,0.7358022922636103,0.8367478510028653,985.664073982276,8.324308182112873,0.0,0.04022356495261192,0.046932;0.040224;0.037059;0.042669;0.037429,5.7626883886263505,173530.11868100846,,16.93920135498047,5533481181,6980,10,True,c043,19271335
kANNolo,m=32 efC=200 ef=20,48,0.8347707736389685,0.8970630372492837,985.664073982276,8.324308182112873,0.0,0.05128873512148857,0.050501;0.051289;0.052351;0.055221;0.050471,7.347956321130168,136092.26243280023,,16.93920135498047,5533481181,6980,10,True,c043,19271335
kANNolo,m=32 efC=200 ef=50,48,0.9114183381088825,0.9502148997134671,985.664073982276,8.324308182112873,0.0,0.08464447595179081,0.084644;0.083685;0.084443;0.084769;0.088301,12.12671575240556,82462.5579107543,,16.93920135498047,5533481181,6980,10,True,c043,19271335
kANNolo,m=32 efC=200 ef=100,48,0.9446131805157593,0.9744269340974212,985.664073982276,8.324308182112873,0.0,0.13734523113816977,0.137345;0.135974;0.138097;0.137069;0.141021,19.676967211772173,50820.839880331165,,16.93920135498047,5533481181,6980,10,True,c043,19271335
kANNolo,m=32 efC=200 ef=200,48,0.9658309455587393,0.9901146131805157,985.664073982276,8.324308182112873,0.0,0.2575138881802559,0.239992;0.250291;0.257514;0.259180;0.259670,36.89310718914841,27105.33419896213,,16.93920135498047,5533481181,6980,10,True,c043,19271335
kANNolo,m=32 efC=200 ef=400,48,0.9776790830945559,0.9964183381088825,985.664073982276,8.324308182112873,0.0,0.4988405080512166,0.498841;0.497863;0.499271;0.500303;0.498625,71.46712149730897,13992.448262207596,,16.93920135498047,5533481181,6980,10,True,c043,19271335
kANNolo,m=32 efC=200 ef=800,48,0.9837392550143267,0.9991404011461318,985.664073982276,8.324308182112873,0.0,1.0115354470908642,1.009752;1.013890;1.008089;1.011535;1.012398,144.91911849439313,6900.400791760885,,16.93920135498047,5533481181,6980,10,True,c043,19271335
kANNolo,m=32 efC=200 ef=1600,48,0.9881375358166189,0.9994269340974212,985.664073982276,8.324308182112873,0.0,2.1013984261080623,2.100604;2.105011;2.100827;2.101398;2.102553,301.05994643381985,3321.5976148452014,,16.93920135498047,5533481181,6980,10,True,c043,19271335
kANNolo,m=32 efC=200 ef=3200,48,0.9912750716332378,0.9998567335243553,985.664073982276,8.324308182112873,0.0,4.493437726981938,4.493438;5.974561;4.354706;4.635666;4.449229,643.75898667363,1553.3763733025373,,16.93920135498047,5533481181,6980,10,True,c043,19271335
