Model	Params	Recall	RR@10	QPS	SearchSecMedian	IndexSec	PeakRSSGB	Threads
GrassRMA	M=32 efC=200 ef=10	0.6595017381228273	0.8736964078794901	75644.00619740738	0.04563481197692454	469.2028397420072	4.660976409912109	64
GrassRMA	M=32 efC=400 ef=10	0.6941193511008111	0.9113557358053302	63031.42711864269	0.054766330984421074	1044.2557734290021	4.417972564697266	64
GrassRMA	M=32 efC=800 ef=10	0.7000869061413674	0.925260718424102	62692.25152043718	0.05506262602284551	2006.0147364489967	4.41864013671875	64
GrassRMA	M=32 efC=1600 ef=10	0.7081981460023175	0.9356894553881807	56487.517780587375	0.06111084599979222	3620.935710221005	4.431697845458984	64
GrassRMA	M=32 efC=200 ef=20	0.7965237543453071	0.9356894553881807	51990.42137549679	0.06639684597030282	469.2028397420072	4.660976409912109	64
GrassRMA	M=32 efC=800 ef=20	0.8286500579374276	0.9681344148319815	43003.505325997976	0.08027252601459622	2006.0147364489967	4.449592590332031	64
GrassRMA	M=32 efC=1600 ef=20	0.8334878331402086	0.9719003476245655	38347.66018689982	0.09001853002700955	3620.935710221005	4.464481353759766	64
GrassRMA	M=32 efC=200 ef=50	0.9003476245654692	0.9788528389339514	29942.367713656826	0.11528814397752285	469.2028397420072	4.660976409912109	64
GrassRMA	M=32 efC=400 ef=50	0.9198435689455389	0.9858053302433372	25098.83940682629	0.13753623998491094	1044.2557734290021	4.465938568115234	64
GrassRMA	M=32 efC=800 ef=50	0.924188876013905	0.9889918887601391	23410.195931215214	0.14745711698196828	2006.0147364489967	4.477638244628906	64
GrassRMA	M=32 efC=1600 ef=50	0.9292584009269989	0.9918887601390498	22190.4897046992	0.15556213702075183	3620.935710221005	4.481998443603516	64
GrassRMA	M=32 efC=200 ef=100	0.943279258400927	0.9921784472769409	17994.19012813047	0.191839698003605	469.2028397420072	4.660976409912109	64
GrassRMA	M=32 efC=400 ef=100	0.9561413673232908	0.9942062572421785	14680.931908291677	0.23513493704376742	1044.2557734290021	4.4847259521484375	64
GrassRMA	M=32 efC=800 ef=100	0.9622537659327925	0.9976825028968713	13499.465819284627	0.25571382202906534	2006.0147364489967	4.491115570068359	64
GrassRMA	M=32 efC=1600 ef=100	0.9659327925840093	0.9979721900347625	12792.647323636198	0.26984250504756346	3620.935710221005	4.481998443603516	64
GrassRMA	M=32 efC=400 ef=200	0.9761877172653535	0.9988412514484357	8227.667844396094	0.4195599610102363	1044.2557734290021	4.4882965087890625	64
GrassRMA	M=32 efC=800 ef=200	0.980098493626883	0.9997103128621089	7455.614767629931	0.46300675498787314	2006.0147364489967	4.498416900634766	64
GrassRMA	M=32 efC=1600 ef=200	0.9829953650057938	0.9997103128621089	7038.33462593297	0.4904569310019724	3620.935710221005	4.490253448486328	64
GrassRMA	M=32 efC=400 ef=400	0.9859791425260719	0.9997103128621089	4481.582488140018	0.770263631013222	1044.2557734290021	4.5080718994140625	64
GrassRMA	M=32 efC=800 ef=400	0.9892815758980301	1.0	4023.961619210388	0.8578610649565235	2006.0147364489967	4.5106201171875	64
GrassRMA	M=32 efC=1600 ef=400	0.9911645422943222	1.0	3799.883536761183	0.9084488949738443	3620.935710221005	4.501228332519531	64
GrassRMA	M=32 efC=800 ef=800	0.9937427578215527	1.0	2155.815972204868	1.6012498490163125	2006.0147364489967	4.53631591796875	64
GrassRMA	M=32 efC=400 ef=1600	0.9952491309385864	1.0	1292.3372689037744	2.671129342983477	1044.2557734290021	4.534488677978516	64
GrassRMA	M=32 efC=1600 ef=1600	0.9971320973348783	1.0	1089.5667309303958	3.168231831979938	3620.935710221005	4.522846221923828	64
GrassRMA	M=32 efC=1600 ef=6400	0.9990150637311703	1.0	326.3614195139334	10.577230621012859	3620.935710221005	4.556514739990234	64
PyANNS	graph=nq_splade_R32_L400 ef=80 budget=1.0	0.0	0.0	604039.1907217808	0.005714860977604985	688.3336675350438	13.010231018066406	64
PyANNS	graph=nq_splade_R32_L800 ef=80 budget=0.9	0.011819235225955968	0.025202780996523753	459922.2127538065	0.007505617046263069	1137.7928633789998	13.022201538085938	64
PyANNS	graph=nq_splade_R32_L400 ef=80 budget=0.9	0.013644264194669757	0.026361529548088066	453036.2095405822	0.007619699987117201	688.3336675350438	13.010231018066406	64
PyANNS	graph=nq_splade ef=80 budget=0.9	0.01590382387022016	0.030417149478563152	429423.8413716525	0.008038678031880409	2.5963155979989097	9.566394805908203	64
PyANNS	graph=nq_splade_R48_L800 ef=80 budget=0.9	0.01746813441483198	0.035052143684820396	357615.9259034818	0.009652813954744488	1724.0271129959729	13.344730377197266	64
PyANNS	graph=nq_splade_R32_L800 ef=150 budget=0.9	0.019669756662804173	0.035052143684820396	274582.03160083154	0.012571835017297417	1137.7928633789998	13.022201538085938	64
PyANNS	graph=nq_splade_R32_L1600 ef=150 budget=0.9	0.021436848203939745	0.03534183082271147	258943.15941596392	0.013331110996659845	1942.4017678920063	13.019866943359375	64
PyANNS	R=32 L=200 ef=80 budget=0.8	0.051100811123986095	0.10921205098493626	255731.49332044736	0.01349853299325332	413.6100737110246	13.023536682128906	64
PyANNS	graph=nq_splade_R32_L1600 ef=80 budget=0.8	0.058603707995365004	0.12340672074159907	217746.28390423005	0.015853313030675054	1942.4017678920063	13.019866943359375	64
PyANNS	graph=nq_splade ef=80 budget=0.8	0.061964078794901505	0.126882966396292	214547.87487629653	0.016089648997876793	2.5963155979989097	9.566394805908203	64
PyANNS	graph=nq_splade_R48_L800 ef=80 budget=0.8	0.06335457705677867	0.13557358053302435	176035.44584080746	0.019609687034972012	1724.0271129959729	13.344730377197266	64
PyANNS	R=32 L=200 ef=150 budget=0.8	0.07960602549246813	0.1436848203939745	143339.4392729594	0.024082695017568767	413.6100737110246	13.023536682128906	64
PyANNS	graph=nq_splade ef=150 budget=0.8	0.08928157589803012	0.1581691772885284	133294.28731036987	0.025897583982441574	2.5963155979989097	9.566394805908203	64
PyANNS	graph=nq_splade_R48_L800 ef=150 budget=0.8	0.09275782155272307	0.16657010428736965	93414.56293270459	0.036953552975319326	1724.0271129959729	13.347347259521484	64
PyANNS	R=32 L=200 ef=300 budget=0.8	0.11129779837775203	0.1694669756662804	75642.51766091041	0.04563571000471711	413.6100737110246	13.023536682128906	64
PyANNS	graph=nq_splade ef=300 budget=0.8	0.12291425260718424	0.18366164542294322	65330.632538636215	0.052838918985798955	2.5963155979989097	9.568347930908203	64
PyANNS	graph=nq_splade_R48_L800 ef=300 budget=0.8	0.1253476245654693	0.18742757821552722	48800.44906189741	0.07073705398943275	1724.0271129959729	13.347347259521484	64
PyANNS	R=32 L=200 ef=80 budget=0.5	0.6081691772885284	0.7720162224797219	41265.86063903457	0.08365268399938941	413.6100737110246	13.023536682128906	64
PyANNS	graph=nq_splade_R32_L400 ef=80 budget=0.5	0.6449304750869062	0.805909617612978	39244.58046539556	0.08796119003091007	688.3336675350438	13.010231018066406	64
PyANNS	graph=nq_splade ef=80 budget=0.5	0.6554171494785631	0.8180764774044033	38131.60104253302	0.09052858798531815	2.5963155979989097	9.566394805908203	64
PyANNS	R=32 L=200 ef=80 budget=0.3	0.8212920046349942	0.9212050984936269	37937.306025300335	0.09099222801160067	413.6100737110246	13.023536682128906	64
PyANNS	R=32 L=200 ef=80 budget=0.15	0.8692352259559676	0.9614716106604867	37631.076623933404	0.0917326930211857	413.6100737110246	13.023536682128906	64
PyANNS	R=32 L=200 ef=80 budget=0.03	0.8821842410196987	0.9733487833140209	37168.187643837126	0.09287512302398682	413.6100737110246	13.023536682128906	64
PyANNS	graph=nq_splade ef=80 budget=0.2	0.899188876013905	0.9707415990730012	36147.7304828709	0.09549700503703207	2.5963155979989097	9.566394805908203	64
PyANNS	graph=nq_splade_R32_L1600 ef=80 budget=0.2	0.9024623406720742	0.9719003476245655	35859.07094476937	0.09626573999412358	1942.4017678920063	13.019866943359375	64
PyANNS	graph=nq_splade_R32_L1600 ef=80 budget=0.1	0.9132966396292005	0.9800115874855156	35734.14143780245	0.09660229296423495	1942.4017678920063	13.019866943359375	64
PyANNS	graph=nq_splade ef=80 budget=0.05	0.9162804171494786	0.9826187717265353	35661.34860429784	0.09679947997210547	2.5963155979989097	9.566394805908203	64
PyANNS	graph=nq_splade_R32_L1600 ef=80 budget=0.05	0.9181633835457705	0.9826187717265353	34956.52944356034	0.09875122201628983	1942.4017678920063	13.019866943359375	64
PyANNS	graph=nq_splade_R32_L1600 ef=80 budget=0.02	0.919640787949015	0.9834878331402086	33063.05911339167	0.10440655198181048	1942.4017678920063	13.019866943359375	64
PyANNS	graph=nq_splade_R48_L800 ef=80 budget=0.15	0.9358922363847045	0.9895712630359212	26120.309891451012	0.1321576969930902	1724.0271129959729	13.344730377197266	64
PyANNS	graph=nq_splade_R48_L800 ef=80 budget=0.05	0.9425840092699884	0.9944959443800695	26069.543224041754	0.13241505500627682	1724.0271129959729	13.344730377197266	64
PyANNS	graph=nq_splade_R32_L1600 ef=150 budget=0.15	0.9462050984936269	0.9913093858632677	24291.213419900458	0.14210899802856147	1942.4017678920063	13.019866943359375	64
PyANNS	graph=nq_splade_R32_L1600 ef=150 budget=0.1	0.9483487833140208	0.9913093858632677	23584.381971418865	0.1463680500164628	1942.4017678920063	13.019866943359375	64
PyANNS	graph=nq_splade_R32_L1600 ef=150 budget=0.07	0.9506083429895713	0.9936268829663963	22645.130017923275	0.1524389569531195	1942.4017678920063	13.019866943359375	64
PyANNS	graph=nq_splade_R32_L1600 ef=150 budget=0.05	0.9526940903823871	0.9947856315179606	21631.88265561867	0.15957926801638678	1942.4017678920063	13.019866943359375	64
PyANNS	graph=nq_splade_R48_L800 ef=150 budget=0.2	0.9590961761297798	0.9956546929316339	16941.326947697376	0.20376207900699228	1724.0271129959729	13.347347259521484	64
PyANNS	graph=nq_splade_R48_L800 ef=150 budget=0.15	0.9640498261877173	0.9973928157589803	16681.72838958214	0.20693299395497888	1724.0271129959729	13.347347259521484	64
PyANNS	graph=nq_splade_R48_L800 ef=150 budget=0.07	0.965034762456547	0.9979721900347625	16636.0086821086	0.20750169502571225	1724.0271129959729	13.347347259521484	64
PyANNS	graph=nq_splade ef=300 budget=0.15	0.9670625724217845	0.9979721900347625	14168.969055381564	0.2436309929471463	2.5963155979989097	9.568347930908203	64
PyANNS	graph=nq_splade_R32_L1600 ef=300 budget=0.1	0.971234067207416	0.9979721900347625	13313.86932129253	0.25927849498111755	1942.4017678920063	13.019866943359375	64
PyANNS	graph=nq_splade_R48_L800 ef=300 budget=0.2	0.9772016222479721	0.9991309385863267	8577.819131910523	0.40243329299846664	1724.0271129959729	13.347347259521484	64
PyANNS	graph=nq_splade_R48_L800 ef=300 budget=0.1	0.9796349942062572	0.9994206257242179	8285.628304460402	0.41662501299288124	1724.0271129959729	13.347347259521484	64
PyANNS	graph=nq_splade_R64_L800 ef=300 budget=0.2	0.981981460023175	0.9994206257242179	6770.895940056223	0.5098291320027784	2201.4017655950156	13.658500671386719	64
PyANNS	graph=nq_splade_R64_L800 ef=300 budget=0.15	0.9831112398609502	0.9994206257242179	6699.031397236579	0.5152983760344796	2201.4017655950156	13.658500671386719	64
PyANNS	graph=nq_splade_R48_L800 ef=600 budget=0.2	0.9865295480880649	1.0	4662.553120681655	0.7403668999904767	1724.0271129959729	13.35446548461914	64
PyANNS	graph=nq_splade_R48_L800 ef=600 budget=0.15	0.9876593279258401	1.0	4579.8800172392	0.7537315359804779	1724.0271129959729	13.35446548461914	64
PyANNS	graph=nq_splade_R64_L800 ef=600 budget=0.2	0.9892815758980301	1.0	3681.903770986012	0.937558452016674	2201.4017655950156	13.666492462158203	64
PyANNS	graph=nq_splade_R48_L800 ef=1200 budget=0.2	0.9923812282734646	1.0	2425.3663212539695	1.4232901519862935	1724.0271129959729	13.36227798461914	64
PyANNS	graph=nq_splade_R64_L800 ef=1200 budget=0.2	0.9936848203939745	1.0	1932.5842592210681	1.7862093119765632	2201.4017655950156	13.674304962158203	64
PyANNS	graph=nq_splade_R48_L800 ef=2400 budget=0.15	0.9950463499420625	1.0	1231.3961950647476	2.8033219639910385	1724.0271129959729	13.393451690673828	64
PyANNS	graph=nq_splade_R64_L800 ef=4800 budget=0.3	0.997045191193511	1.0	537.8923499098801	6.417641003034078	2201.4017655950156	13.751502990722656	64
SEISMIC	n_postings=500 summary_energy=0.6 centroid_fraction=0.3 max_fraction=6.0 doc_cut=15 nknn=0 n_knn=0 sorted=True query_cut=1 heap_factor=1.0	0.5741309385863268	0.8258980301274623	180435.68105667416	0.019131471002765466	33.88040570099838	3.9072494506835938	64
SEISMIC	n_postings=500 summary_energy=0.6 centroid_fraction=0.4 max_fraction=6.0 doc_cut=15 nknn=0 n_knn=0 sorted=True query_cut=1 heap_factor=1.0	0.5757242178447277	0.8256083429895713	174516.28475431076	0.01978038900415413	34.589354631003516	3.9072532653808594	64
SEISMIC	n_postings=500 summary_energy=0.6 centroid_fraction=0.2 max_fraction=6.0 doc_cut=15 nknn=0 n_knn=0 sorted=True query_cut=1 heap_factor=1.0	0.5837195828505214	0.8261877172653534	170193.14556477492	0.02028283799882047	33.76919502099918	3.9008750915527344	64
SEISMIC	n_postings=1000 summary_energy=0.6 centroid_fraction=0.3 max_fraction=6.0 doc_cut=15 nknn=0 n_knn=0 sorted=True query_cut=1 heap_factor=1.0	0.6597334878331402	0.8977404403244496	164502.11208148193	0.020984533002774697	57.32033835499897	4.761993408203125	64
SEISMIC	n_postings=500 summary_energy=0.6 centroid_fraction=0.3 max_fraction=6.0 doc_cut=15 nknn=0 n_knn=0 sorted=True query_cut=2 heap_factor=1.0	0.704287369640788	0.9319235225955967	160344.84358807278	0.02152860000205692	33.88040570099838	3.9072494506835938	64
SEISMIC	n_postings=500 summary_energy=0.6 centroid_fraction=0.4 max_fraction=6.0 doc_cut=15 nknn=0 n_knn=0 sorted=True query_cut=2 heap_factor=1.0	0.7066628041714947	0.93279258400927	154563.5815558343	0.02233385099680163	34.589354631003516	3.9072532653808594	64
SEISMIC	n_postings=2000 summary_energy=0.6 centroid_fraction=0.4 max_fraction=6.0 doc_cut=15 nknn=0 n_knn=0 sorted=True query_cut=1 heap_factor=1.0	0.7125434530706837	0.9411935110081112	150391.36828535545	0.022953444997256156	108.20340261700039	7.720756530761719	64
SEISMIC	n_postings=500 summary_energy=0.6 centroid_fraction=0.2 max_fraction=6.0 doc_cut=15 nknn=0 n_knn=0 sorted=True query_cut=2 heap_factor=1.0	0.7141077636152955	0.93279258400927	149996.41737263883	0.023013883001112845	33.76919502099918	3.9008750915527344	64
SEISMIC	n_postings=500 summary_energy=0.6 centroid_fraction=0.3 max_fraction=6.0 doc_cut=15 nknn=0 n_knn=0 sorted=True query_cut=3 heap_factor=1.0	0.7632097334878332	0.9698725376593279	146632.9410789405	0.02354177700181026	33.88040570099838	3.9072494506835938	64
SEISMIC	n_postings=500 summary_energy=0.6 centroid_fraction=0.4 max_fraction=6.0 doc_cut=15 nknn=0 n_knn=0 sorted=True query_cut=3 heap_factor=1.0	0.7667728852838934	0.970162224797219	143826.99896574757	0.02400105699780397	34.589354631003516	3.9072532653808594	64
SEISMIC	n_postings=1000 summary_energy=0.6 centroid_fraction=0.3 max_fraction=6.0 doc_cut=15 nknn=0 n_knn=0 sorted=True query_cut=2 heap_factor=1.0	0.8074449594438007	0.9727694090382387	136589.20531722973	0.025272860999393743	57.32033835499897	4.7838592529296875	64
SEISMIC	n_postings=1000 summary_energy=0.6 centroid_fraction=0.4 max_fraction=6.0 doc_cut=15 nknn=0 n_knn=0 sorted=True query_cut=2 heap_factor=1.0	0.809154113557358	0.9727694090382387	134498.9964816455	0.02566561900312081	59.05521362699801	4.782863616943359	64
SEISMIC	n_postings=500 summary_energy=0.6 centroid_fraction=0.2 max_fraction=6.0 doc_cut=15 nknn=0 n_knn=0 sorted=True query_cut=5 heap_factor=1.0	0.8112398609501739	0.9855156431054461	125141.11909426514	0.02758485799859045	33.76919502099918	3.9008750915527344	64
SEISMIC	n_postings=1000 summary_energy=0.6 centroid_fraction=0.2 max_fraction=6.0 doc_cut=15 nknn=0 n_knn=0 sorted=True query_cut=2 heap_factor=1.0	0.8186848203939745	0.9730590961761297	124316.98137047284	0.02776772699871799	55.01584693900077	4.753208160400391	64
SEISMIC	n_postings=1000 summary_energy=0.6 centroid_fraction=0.3 max_fraction=6.0 doc_cut=15 nknn=0 n_knn=0 sorted=True query_cut=3 heap_factor=1.0	0.8710602549246813	0.9959443800695249	122038.00210640942	0.028286271000979468	57.32033835499897	4.7975006103515625	64
SEISMIC	n_postings=1000 summary_energy=0.6 centroid_fraction=0.2 max_fraction=6.0 doc_cut=15 nknn=0 n_knn=0 sorted=True query_cut=3 heap_factor=1.0	0.882271147161066	0.9959443800695249	114084.94290580567	0.030258156002673786	55.01584693900077	4.770603179931641	64
SEISMIC	n_postings=2000 summary_energy=0.6 centroid_fraction=0.2 max_fraction=6.0 doc_cut=15 nknn=16 n_knn=8 sorted=True query_cut=2 heap_factor=1.0	0.9140787949015063	0.9910196987253765	112413.57092457896	0.030708036152645946	94.67536147707142	7.980007171630859	64
SEISMIC	n_postings=2000 summary_energy=0.6 centroid_fraction=0.2 max_fraction=6.0 doc_cut=15 nknn=16 n_knn=16 sorted=True query_cut=2 heap_factor=1.0	0.9297508690614137	0.992468134414832	110998.2378891031	0.031099592801183462	94.67536147707142	7.989112854003906	64
SEISMIC	n_postings=2000 summary_energy=0.6 centroid_fraction=0.2 max_fraction=6.0 doc_cut=15 nknn=16 n_knn=4 sorted=True query_cut=3 heap_factor=1.0	0.9439745075318656	0.9991309385863267	98687.36700301775	0.03497914783656597	94.67536147707142	7.991046905517578	64
SEISMIC	n_postings=2000 summary_energy=0.6 centroid_fraction=0.2 max_fraction=6.0 doc_cut=15 nknn=16 n_knn=16 sorted=True query_cut=3 heap_factor=1.0	0.9623406720741599	0.9997103128621089	95061.52373230112	0.03631332493387163	94.67536147707142	8.004020690917969	64
SEISMIC	n_postings=2000 summary_energy=0.6 centroid_fraction=0.2 max_fraction=6.0 doc_cut=15 nknn=16 n_knn=8 sorted=True query_cut=5 heap_factor=1.0	0.9741599073001159	1.0	82480.22335671743	0.041852456983178854	94.67536147707142	8.027713775634766	64
SEISMIC	n_postings=2000 summary_energy=0.6 centroid_fraction=0.2 max_fraction=6.0 doc_cut=15 nknn=16 n_knn=16 sorted=True query_cut=5 heap_factor=1.0	0.9786500579374275	1.0	80401.1339400932	0.042934717843309045	94.67536147707142	8.027713775634766	64
SEISMIC	n_postings=2000 summary_energy=0.6 centroid_fraction=0.4 max_fraction=6.0 doc_cut=15 nknn=0 n_knn=0 sorted=True query_cut=5 heap_factor=0.9	0.9832271147161066	1.0	70684.89548192928	0.04883645899826661	108.20340261700039	7.778724670410156	64
SEISMIC	n_postings=2000 summary_energy=0.7 centroid_fraction=0.4 max_fraction=6.0 doc_cut=15 nknn=0 n_knn=0 sorted=True query_cut=5 heap_factor=1.0	0.985486674391657	1.0	70354.37736184301	0.04906588800076861	109.7090876479997	8.911396026611328	64
SEISMIC	n_postings=2000 summary_energy=0.6 centroid_fraction=0.2 max_fraction=6.0 doc_cut=15 nknn=16 n_knn=16 sorted=True query_cut=4 heap_factor=0.9	0.987630359212051	1.0	65599.79814098259	0.05262211314402521	94.67536147707142	8.027713775634766	64
SEISMIC	n_postings=2000 summary_energy=0.6 centroid_fraction=0.2 max_fraction=6.0 doc_cut=15 nknn=16 n_knn=8 sorted=True query_cut=5 heap_factor=0.9	0.9895712630359212	1.0	61538.304572594156	0.056095143081620336	94.67536147707142	8.027713775634766	64
SEISMIC	n_postings=2000 summary_energy=0.8 centroid_fraction=0.3 max_fraction=6.0 doc_cut=15 nknn=0 n_knn=0 sorted=True query_cut=5 heap_factor=1.0	0.993018539976825	1.0	57972.88081650135	0.0595450830005575	102.42884952200257	10.33773422241211	64
SEISMIC	n_postings=2000 summary_energy=0.7 centroid_fraction=0.3 max_fraction=6.0 doc_cut=15 nknn=0 n_knn=0 sorted=True query_cut=7 heap_factor=0.9	0.9955967555040556	1.0	43559.870061028676	0.07924725200427929	101.23854469900107	8.813167572021484	64
SEISMIC	n_postings=2000 summary_energy=0.7 centroid_fraction=0.3 max_fraction=6.0 doc_cut=15 nknn=0 n_knn=0 sorted=False query_cut=10 heap_factor=0.9	0.9971320973348783	1.0	33485.00299971886	0.10309092700481415	101.23854469900107	8.829242706298828	64
SINDI	doc_prune=0.9 query_prune=0.9 n_cand=10	0.1973059096	0.4746	732442.18	0.004713	15.7453	6.85	64
SINDI	doc_prune=0.9 query_prune=0.9 n_cand=20	0.2619061414	0.7297	578709.14	0.005965	18.4389	8.53	64
SINDI	doc_prune=0.8 query_prune=0.9 n_cand=10	0.3037079954	0.8169	456734.59	0.007558	19.0602	8.53	64
SINDI	doc_prune=0.8 query_prune=0.9 n_cand=20	0.4074449594	0.8641	414306.29	0.008332	19.0602	8.53	64
SINDI	doc_prune=0.8 query_prune=0.9 n_cand=50	0.5234936269	0.9119	320639.05	0.010766	19.0602	8.53	64
SINDI	doc_prune=0.7 query_prune=0.9 n_cand=50	0.6346465817	0.9535	235326.20	0.014669	19.5838	8.53	64
SINDI	doc_prune=0.6 query_prune=0.9 n_cand=50	0.7037079954	0.9728	162584.78	0.021232	20.0619	8.53	64
SINDI	doc_prune=0.7 query_prune=0.9 n_cand=200	0.7738702202	0.9769	122873.21	0.028094	19.5838	8.53	64
SINDI	doc_prune=0.6 query_prune=0.9 n_cand=200	0.8351969873	0.9878	99739.96	0.034610	20.0619	8.53	64
SINDI	doc_prune=0.5 query_prune=0.9 n_cand=200	0.8753765933	0.9902	77627.11	0.044469	20.5937	8.53	64
SINDI	doc_prune=0.4 query_prune=0.9 n_cand=200	0.8985515643	0.9928	60605.00	0.056959	21.2134	8.53	64
SINDI	doc_prune=0.6 query_prune=0.7 n_cand=200	0.9251738123	1.0000	54444.51	0.063404	20.0619	8.53	64
SINDI	doc_prune=0.6 query_prune=0.5 n_cand=200	0.9300695249	1.0000	38473.97	0.089723	20.0619	8.53	64
SINDI	doc_prune=0.5 query_prune=0.7 n_cand=200	0.9685110081	1.0000	36665.68	0.094148	20.5937	8.53	64
SINDI	doc_prune=0.6 query_prune=0.7 n_cand=1000	0.9727114716	1.0000	26962.64	0.128029	20.0619	8.53	64
SINDI	doc_prune=0.4 query_prune=0.7 n_cand=200	0.9887601390	1.0000	25015.22	0.137996	21.2134	8.53	64
SINDI	doc_prune=0.5 query_prune=0.7 n_cand=1000	0.9907589803	1.0000	21665.86	0.159329	20.5937	8.53	64
SINDI	doc_prune=0.3 query_prune=0.7 n_cand=200	0.9972479722	1.0000	17867.96	0.193195	22.0230	8.53	64
SINDI	doc_prune=0.3 query_prune=0.7 n_cand=1000	0.9994495944	1.0000	13465.60	0.256357	22.0230	8.53	64
SparseHNSW	M=32 efC=200 ef=20 alpha=0.65 beta=2 q=u8	0.7923232908	0.9206	297586.21	0.011600	124.9959	4.29	64
SparseHNSW	M=32 efC=200 ef=20 alpha=0.7 beta=2 q=u8	0.8112688297	0.9189	275191.33	0.012544	139.2847	4.34	64
SparseHNSW	M=32 efC=200 ef=20 alpha=0.725 beta=2 q=u8	0.8247103129	0.9262	267058.64	0.012926	146.7206	4.36	64
SparseHNSW	M=32 efC=200 ef=20 alpha=0.75 beta=2 q=u8	0.8312282735	0.9235	262310.03	0.013160	154.7343	4.39	64
SparseHNSW	M=32 efC=200 ef=20 alpha=0.775 beta=2 q=u8	0.8347334878	0.9213	251989.20	0.013699	163.1283	4.42	64
SparseHNSW	M=32 efC=200 ef=20 alpha=0.8 beta=2 q=u8	0.8374565469	0.9200	240406.71	0.014359	172.1202	4.45	64
SparseHNSW	M=32 efC=200 ef=30 alpha=0.6 beta=3 q=u8 seedT=8 seedH=8 seedS=4	0.8651506373	0.9777	240272.85	0.014367	111.8080	4.24	64
SparseHNSW	M=32 efC=200 ef=25 alpha=0.65 beta=3 q=u8 seedT=8 seedH=8 seedS=4	0.8903244496	0.9812	227599.39	0.015167	124.9959	4.29	64
SparseHNSW	M=32 efC=200 ef=30 alpha=0.7 beta=3 q=u8 seedT=8 seedH=8 seedS=4	0.9068655852	0.9809	214449.90	0.016097	139.2847	4.34	64
SparseHNSW	M=32 efC=200 ef=30 alpha=0.725 beta=3 q=u8 seedT=8 seedH=8 seedS=4	0.9115295481	0.9817	208832.43	0.016530	146.7206	4.36	64
SparseHNSW	M=32 efC=200 ef=30 alpha=0.75 beta=3 q=u8 seedT=8 seedH=8 seedS=4	0.9171784473	0.9835	198767.78	0.017367	154.7343	4.39	64
SparseHNSW	M=32 efC=200 ef=30 alpha=0.775 beta=3 q=u8 seedT=8 seedH=8 seedS=4	0.9191193511	0.9820	191257.13	0.018049	163.1283	4.42	64
SparseHNSW	M=32 efC=200 ef=35 alpha=0.75 beta=3 q=u8 seedT=8 seedH=8 seedS=4	0.9223348783	0.9855	187171.28	0.018443	154.7343	4.39	64
SparseHNSW	M=32 efC=200 ef=40 alpha=0.7 beta=4 q=u8 seedT=8 seedH=8 seedS=4	0.9268829664	0.9864	177754.89	0.019420	139.2847	4.34	64
SparseHNSW	M=32 efC=200 ef=40 alpha=0.725 beta=4 q=u8 seedT=8 seedH=8 seedS=4	0.9276361530	0.9849	173075.96	0.019945	146.7206	4.36	64
SparseHNSW	M=32 efC=200 ef=40 alpha=0.75 beta=3 q=u8 seedT=8 seedH=8 seedS=4	0.9296349942	0.9881	167442.76	0.020616	154.7343	4.39	64
SparseHNSW	M=32 efC=200 ef=35 alpha=0.75 beta=4 q=u8 seedT=8 seedH=8 seedS=4	0.9331691773	0.9881	165714.56	0.020831	154.7343	4.39	64
SparseHNSW	M=32 efC=200 ef=50 alpha=0.7 beta=4 q=u8 seedT=8 seedH=8 seedS=4	0.9352259560	0.9893	146240.20	0.023605	139.2847	4.34	64
SparseHNSW	M=32 efC=200 ef=50 alpha=0.7 beta=5 q=u8 seedT=8 seedH=8 seedS=4	0.9393395133	0.9893	144762.22	0.023846	139.2847	4.34	64
SparseHNSW	M=32 efC=200 ef=50 alpha=0.75 beta=3 q=u8 seedT=8 seedH=8 seedS=4	0.9411066049	0.9928	137486.06	0.025108	154.7343	4.39	64
SparseHNSW	M=32 efC=200 ef=50 alpha=0.75 beta=4 q=u8 seedT=8 seedH=8 seedS=4	0.9450753187	0.9928	135606.54	0.025456	154.7343	4.39	64
SparseHNSW	M=32 efC=200 ef=40 alpha=0.75 beta=5 q=u8 seedT=8 seedH=8 seedS=4	0.9470741599	0.9928	134991.40	0.025572	154.7343	4.39	64
SparseHNSW	M=32 efC=200 ef=50 alpha=0.7 beta=6 q=u8 seedT=8 seedH=8 seedS=4 pat=128	0.9493337196	0.9928	118223.23	0.029199	134.4036	4.34	64
SparseHNSW	M=32 efC=200 ef=60 alpha=0.75 beta=5 q=u8 seedT=8 seedH=8 seedS=4	0.9524623407	0.9928	114913.45	0.030040	154.7343	4.39	64
SparseHNSW	M=32 efC=200 ef=50 alpha=0.75 beta=6 q=u8 seedT=8 seedH=8 seedS=4 pat=64	0.9532155272	0.9936	111614.07	0.030928	149.1896	4.39	64
SparseHNSW	M=32 efC=200 ef=50 alpha=0.7 beta=7 q=u8 seedT=8 seedH=8 seedS=4 pat=256	0.9550115875	0.9942	102829.91	0.033570	134.4036	4.34	64
SparseHNSW	M=32 efC=200 ef=50 alpha=0.75 beta=7 q=u8 seedT=8 seedH=8 seedS=4 pat=128	0.9572711472	0.9945	96570.25	0.035746	149.1896	4.39	64
SparseHNSW	M=32 efC=200 ef=50 alpha=0.7 beta=8 q=u8 seedT=8 seedH=8 seedS=4	0.9595596756	0.9945	90787.16	0.038023	134.4036	4.34	64
SparseHNSW	M=32 efC=200 ef=50 alpha=0.75 beta=8 q=u8 seedT=8 seedH=8 seedS=4 pat=256	0.9614426419	0.9959	84876.20	0.040671	149.1896	4.39	64
SparseHNSW	M=32 efC=800 ef=50 alpha=0.85 beta=3 q=u8 seedT=8 seedH=8 seedS=4 pat=2048	0.9648609502	0.9965	82660.86	0.041761	743.1032	4.53	64
SparseHNSW	M=32 efC=800 ef=50 alpha=0.85 beta=4 q=u8 seedT=8 seedH=8 seedS=4 pat=2048	0.9654692932	0.9965	82147.45	0.042022	743.1032	4.53	64
SparseHNSW	M=32 efC=1600 ef=50 alpha=0.85 beta=4 q=u8 seedT=8 seedH=8 seedS=4 pat=2048	0.9674681344	0.9974	78944.36	0.043727	1322.3325	4.53	64
SparseHNSW	M=48 efC=400 ef=50 alpha=0.85 beta=5 q=u8 seedT=8 seedH=8 seedS=4 pat=128	0.9690614137	0.9977	70335.58	0.049079	470.3565	4.85	64
SparseHNSW	M=64 efC=400 ef=50 alpha=0.85 beta=4 q=u8 seedT=8 seedH=8 seedS=4 pat=128	0.9716975666	0.9971	63564.55	0.054307	495.8234	5.18	64
SparseHNSW	M=48 efC=800 ef=50 alpha=0.85 beta=4 q=u8 seedT=8 seedH=8 seedS=4 pat=128	0.9734356895	0.9983	58955.13	0.058553	972.3518	4.85	64
SparseHNSW	M=48 efC=1600 ef=50 alpha=0.85 beta=3 q=u8 seedT=8 seedH=8 seedS=4 pat=2048	0.9751158749	0.9983	54257.96	0.063622	1803.0819	4.88	64
SparseHNSW	M=32 efC=800 ef=10 alpha=0.85 beta=8 q=u8 seedT=8 seedH=8 seedS=4 pat=512	0.9781575898	0.9983	53265.03	0.064808	743.1032	4.53	64
SparseHNSW	M=32 efC=1600 ef=50 alpha=0.85 beta=8 q=u8 seedT=8 seedH=8 seedS=4 pat=256	0.9802143685	0.9986	51080.96	0.067579	1322.3325	4.53	64
SparseHNSW	M=32 efC=800 ef=100 alpha=0.85 beta=5 q=u8 seedT=8 seedH=8 seedS=4 pat=256	0.9817497103	0.9988	44550.56	0.077485	743.1032	4.53	64
SparseHNSW	M=32 efC=1600 ef=100 alpha=0.85 beta=4 q=u8 seedT=8 seedH=8 seedS=4 pat=512	0.9834009270	0.9988	42489.29	0.081244	1322.3325	4.53	64
SparseHNSW	M=48 efC=1600 ef=50 alpha=0.85 beta=8 q=u8 seedT=8 seedH=8 seedS=4 pat=256	0.9854577057	0.9991	35491.40	0.097263	1803.0819	4.86	64
SparseHNSW	M=48 efC=800 ef=100 alpha=0.85 beta=8 q=u8 seedT=8 seedH=8 seedS=4 pat=256	0.9870509849	0.9988	31960.89	0.108007	972.3518	4.85	64
SparseHNSW	M=64 efC=800 ef=100 alpha=0.85 beta=4 q=u8 seedT=8 seedH=8 seedS=4 pat=256	0.9893395133	0.9994	27372.71	0.126111	1100.8119	5.17	64
SparseHNSW	M=32 efC=1600 ef=200 alpha=0.85 beta=4 q=u8 seedT=8 seedH=8 seedS=4 pat=128	0.9913962920	0.9997	24467.87	0.141083	1322.3325	4.53	64
SparseHNSW	M=32 efC=1600 ef=400 alpha=0.85 beta=3 q=u8 seedT=8 seedH=8 seedS=4 pat=128	0.9931633835	1.0000	22487.57	0.153507	1322.3325	4.53	64
SparseHNSW	M=32 efC=1600 ef=400 alpha=0.85 beta=5 q=u8 seedT=8 seedH=8 seedS=4 pat=128	0.9951911935	1.0000	18851.44	0.183116	1322.3325	4.53	64
SparseHNSW	M=64 efC=1600 ef=400 alpha=0.85 beta=5 q=u8 seedT=8 seedH=8 seedS=4 pat=128	0.9970451912	1.0000	11404.56	0.302686	2156.9774	5.17	64
kANNolo	m=32 efC=200 ef=10	0.7506083429895712	0.8754345307068366	98911.55462926705	0.03489986597560346	0.0	1.9142875671386719	64
kANNolo	m=32 efC=200 ef=10 eet=0.005	0.7635283893395133	0.8818076477404403	93835.49456117368	0.03678778500761837	0.0	1.9256820678710938	64
kANNolo	m=32 efC=200 ef=10 eet=0.01	0.7764484356894554	0.8887601390498262	89371.25180515439	0.03862539608962834	0.0	1.9289474487304688	64
kANNolo	m=32 efC=400 ef=10	0.7813151796060255	0.9093279258400927	83440.80290823494	0.04137064696988091	835.4954340020195	6.223148345947266	64
kANNolo	m=32 efC=400 ef=10 eet=0.005	0.7955388180764774	0.9168597914252608	79237.79669230263	0.04356506798649207	835.4954340020195	6.223148345947266	64
kANNolo	m=32 efC=400 ef=10 eet=0.01	0.8081691772885284	0.9235225955967555	77927.3984544912	0.044297642016317695	835.4954340020195	6.223148345947266	64
kANNolo	m=32 efC=200 ef=10 eet=0.05	0.8543453070683662	0.933082271147161	72631.8910936307	0.04752733197528869	0.0	1.9298057556152344	64
kANNolo	m=32 efC=200 ef=20	0.8582271147161066	0.9351100811123986	68023.58474424307	0.050747105036862195	0.0	1.9617195129394531	64
kANNolo	m=32 efC=200 ef=20 eet=0.005	0.8635283893395134	0.9377172653534183	66226.49076626863	0.052124156965874135	0.0	1.9667396545410156	64
kANNolo	m=32 efC=200 ef=20 eet=0.01	0.8717265353418309	0.9429316338354577	66172.3929113323	0.05216676997952163	0.0	1.9746437072753906	64
kANNolo	m=32 efC=400 ef=10 eet=0.05	0.8815469293163384	0.9565469293163383	60902.85587417799	0.056680429028347135	835.4954340020195	6.223148345947266	64
kANNolo	m=32 efC=400 ef=20	0.8858053302433372	0.9574159907300116	59098.2075960478	0.058411246980540454	835.4954340020195	6.223148345947266	64
kANNolo	m=32 efC=200 ef=10 eet=0.1	0.915845886442642	0.966396292004635	55685.28891190148	0.06199123803526163	0.0	1.9350776672363281	64
kANNolo	m=32 efC=400 ef=10 eet=0.1	0.9377462340672074	0.9805909617612978	44216.9919272159	0.07806953502586111	835.4954340020195	6.223148345947266	64
kANNolo	m=32 efC=400 ef=20 eet=0.05	0.9396871378910776	0.9817497103128621	42427.14381490373	0.08136300701880828	835.4954340020195	6.223148345947266	64
kANNolo	m=32 efC=800 ef=10 eet=0.1	0.9483777520278099	0.9889918887601391	37136.87157917599	0.0929534409660846	1904.0638737319969	6.225074768066406	64
kANNolo	m=32 efC=800 ef=20 eet=0.05	0.9501738122827347	0.9889918887601391	37083.40402426195	0.0930874629993923	1904.0638737319969	6.225074768066406	64
kANNolo	m=32 efC=1600 ef=20 eet=0.05	0.9515643105446118	0.9921784472769409	34641.557230438055	0.09964909998234361	3695.947431525041	6.22747802734375	64
kANNolo	m=32 efC=400 ef=50	0.9541135573580533	0.9884125144843569	33673.49447925428	0.1025138630066067	835.4954340020195	6.223148345947266	64
kANNolo	m=32 efC=400 ef=50 eet=0.005	0.9561993047508691	0.9889918887601391	32411.416625497055	0.10650568100390956	835.4954340020195	6.223148345947266	64
kANNolo	m=32 efC=400 ef=50 eet=0.01	0.9589803012746234	0.9898609501738123	30915.719850715246	0.11165840603644028	835.4954340020195	6.223148345947266	64
kANNolo	m=32 efC=400 ef=20 eet=0.1	0.9652085747392816	0.9910196987253765	30046.36723903979	0.114889096992556	835.4954340020195	6.223148345947266	64
kANNolo	m=32 efC=800 ef=50 eet=0.01	0.9671784472769409	0.9930475086906141	26619.609078449346	0.1296788390027359	1904.0638737319969	6.225074768066406	64
kANNolo	m=32 efC=800 ef=20 eet=0.1	0.9730880648899188	0.9947856315179606	25504.001782383493	0.1353513079811819	1904.0638737319969	6.225074768066406	64
kANNolo	m=32 efC=1600 ef=20 eet=0.1	0.9770567786790266	0.9968134414831982	23553.796713156542	0.14655811298871413	3695.947431525041	6.22747802734375	64
kANNolo	m=32 efC=1600 ef=50 eet=0.05	0.9826187717265353	0.9973928157589803	19215.069532828817	0.17965066398028284	3695.947431525041	6.22747802734375	64
kANNolo	m=32 efC=400 ef=50 eet=0.1	0.9844438006952492	0.9973928157589803	15616.55886923881	0.22104741696966812	835.4954340020195	6.223148345947266	64
kANNolo	m=32 efC=1600 ef=100 eet=0.01	0.987369640787949	0.9985515643105446	14357.94053837798	0.24042445298982784	3695.947431525041	6.22747802734375	64
kANNolo	m=32 efC=400 ef=10 eet=0.25	0.9898609501738123	0.9994206257242179	12103.18106242276	0.2852142740157433	835.4954340020195	6.223148345947266	64
kANNolo	m=32 efC=1600 ef=50 eet=0.1	0.991657010428737	0.9991309385863267	11809.911778434393	0.29229684901656583	3695.947431525041	6.22747802734375	64
kANNolo	m=32 efC=800 ef=10 eet=0.25	0.9931633835457706	0.9997103128621089	10259.26356784802	0.33647639298578724	1904.0638737319969	6.225074768066406	64
kANNolo	m=32 efC=1600 ef=100 eet=0.1	0.9954808806488992	0.9997103128621089	6805.301782426488	0.5072515680221841	3695.947431525041	6.22747802734375	64
kANNolo	m=32 efC=1600 ef=400 eet=0.01	0.9970741599073001	1.0	4067.514476397801	0.8486755290068686	3695.947431525041	6.22747802734375	64
kANNolo	m=32 efC=1600 ef=6400 eet=0.05	0.9991019698725376	1.0	230.2685869148334	14.991189402993768	3695.947431525041	7.557750701904297	64
