Model,Params,Threads,Recall,RR@10,IndexSec,LoadSec,ConvertSec,SearchSecMedian,SearchSecRuns,AmortizedUsPerQuery,QPS,LatencyUsSingleThread,PeakRSSGB,IndexBytes,NumQueries,K,ResultsOrdered,Host,JobID
SparseHNSW_a0.75_b5,"M=32 efC=200 ef=10 alpha=0.75 beta=5",64,0.9257821553,0.9731,148.8118,2.9786,0.0000,0.039621,"0.040138;0.040102;0.039621;0.039467;0.039416",11.477694,87125.51,,3.93,0,3452,10,True,nid006805,56908044
SparseHNSW_a0.75_b5,"M=32 efC=200 ef=20 alpha=0.75 beta=5",64,0.9257821553,0.9731,148.8118,2.9786,0.0000,0.039505,"0.039505;0.039532;0.039582;0.039428;0.039434",11.444090,87381.34,,3.93,0,3452,10,True,nid006805,56908044
SparseHNSW_a0.75_b5,"M=32 efC=200 ef=50 alpha=0.75 beta=5",64,0.9257821553,0.9731,148.8118,2.9786,0.0000,0.039423,"0.039668;0.039261;0.039272;0.039423;0.039431",11.420336,87563.10,,3.93,0,3452,10,True,nid006805,56908044
SparseHNSW_a0.75_b5,"M=32 efC=200 ef=100 alpha=0.75 beta=5",64,0.9543163384,0.9890,148.8118,2.9786,0.0000,0.069541,"0.069147;0.069541;0.069787;0.069883;0.069258",20.145133,49639.78,,3.93,0,3452,10,True,nid006805,56908044
SparseHNSW_a0.75_b5,"M=32 efC=200 ef=200 alpha=0.75 beta=5",64,0.9723059096,0.9971,148.8118,2.9786,0.0000,0.123211,"0.122991;0.123283;0.123211;0.123756;0.123000",35.692642,28016.98,,3.93,0,3452,10,True,nid006805,56908044
SparseHNSW_a0.75_b5,"M=32 efC=200 ef=400 alpha=0.75 beta=5",64,0.9803012746,0.9988,148.8118,2.9786,0.0000,0.226026,"0.226844;0.226855;0.225549;0.225671;0.226026",65.476825,15272.58,,3.93,0,3452,10,True,nid006805,56908044
SparseHNSW_a0.75_b5,"M=32 efC=200 ef=800 alpha=0.75 beta=5",64,0.9851969873,1.0000,148.8118,2.9786,0.0000,0.426994,"0.426994;0.427909;0.426568;0.427361;0.426375",123.694670,8084.42,,3.93,0,3452,10,True,nid006805,56908044
SparseHNSW_a0.75_b5,"M=32 efC=200 ef=1600 alpha=0.75 beta=5",64,0.9885863268,1.0000,148.8118,2.9786,0.0000,0.819256,"0.819315;0.818468;0.819256;0.820557;0.819050",237.327926,4213.58,,3.93,0,3452,10,True,nid006805,56908044
SparseHNSW_a0.75_b5,"M=32 efC=200 ef=3200 alpha=0.75 beta=5",64,0.9907879490,1.0000,148.8118,2.9786,0.0000,1.544545,"1.543379;1.544545;1.543590;1.547047;1.546046",447.434820,2234.96,,3.93,0,3452,10,True,nid006805,56908044
SparseHNSW_a0.75_b6,"M=32 efC=200 ef=10 alpha=0.75 beta=6",64,0.9369640788,0.9786,148.8015,1.0600,0.0000,0.046055,"0.046274;0.046687;0.046055;0.046016;0.045964",13.341541,74953.86,,3.92,0,3452,10,True,nid006805,56908044
SparseHNSW_a0.75_b6,"M=32 efC=200 ef=20 alpha=0.75 beta=6",64,0.9369640788,0.9786,148.8015,1.0600,0.0000,0.045923,"0.045900;0.045853;0.045946;0.045984;0.045923",13.303302,75169.31,,3.92,0,3452,10,True,nid006805,56908044
SparseHNSW_a0.75_b6,"M=32 efC=200 ef=50 alpha=0.75 beta=6",64,0.9369640788,0.9786,148.8015,1.0600,0.0000,0.045717,"0.045686;0.045868;0.045717;0.045772;0.045709",13.243627,75508.02,,3.92,0,3452,10,True,nid006805,56908044
SparseHNSW_a0.75_b6,"M=32 efC=200 ef=100 alpha=0.75 beta=6",64,0.9571263036,0.9899,148.8015,1.0600,0.0000,0.069988,"0.069809;0.070041;0.069988;0.070060;0.069940",20.274623,49322.74,,3.92,0,3452,10,True,nid006805,56908044
SparseHNSW_a0.75_b6,"M=32 efC=200 ef=200 alpha=0.75 beta=6",64,0.9750869061,0.9983,148.8015,1.0600,0.0000,0.123786,"0.123314;0.123802;0.123780;0.123882;0.123786",35.859212,27886.84,,3.92,0,3452,10,True,nid006805,56908044
SparseHNSW_a0.75_b6,"M=32 efC=200 ef=400 alpha=0.75 beta=6",64,0.9820393975,0.9991,148.8015,1.0600,0.0000,0.226090,"0.225501;0.226465;0.225963;0.226090;0.226829",65.495365,15268.26,,3.92,0,3452,10,True,nid006805,56908044
SparseHNSW_a0.75_b6,"M=32 efC=200 ef=800 alpha=0.75 beta=6",64,0.9865295481,1.0000,148.8015,1.0600,0.0000,0.428499,"0.428374;0.428655;0.428499;0.428255;0.428528",124.130649,8056.03,,3.92,0,3452,10,True,nid006805,56908044
SparseHNSW_a0.75_b6,"M=32 efC=200 ef=1600 alpha=0.75 beta=6",64,0.9899478563,1.0000,148.8015,1.0600,0.0000,0.819970,"0.823238;0.819525;0.819547;0.819970;0.821503",237.534762,4209.91,,3.92,0,3452,10,True,nid006805,56908044
SparseHNSW_a0.75_b6,"M=32 efC=200 ef=3200 alpha=0.75 beta=6",64,0.9921205098,1.0000,148.8015,1.0600,0.0000,1.546738,"1.548236;1.546035;1.546087;1.546738;1.547153",448.070104,2231.79,,3.92,0,3452,10,True,nid006805,56908044
SparseHNSW_a0.75_b7,"M=32 efC=200 ef=10 alpha=0.75 beta=7",64,0.9444669757,0.9832,148.7116,0.8744,0.0000,0.052280,"0.051869;0.052519;0.052335;0.052280;0.052019",15.144844,66029.07,,3.93,0,3452,10,True,nid006805,56908044
SparseHNSW_a0.75_b7,"M=32 efC=200 ef=20 alpha=0.75 beta=7",64,0.9444669757,0.9832,148.7116,0.8744,0.0000,0.052264,"0.052387;0.052214;0.052277;0.052264;0.051994",15.140209,66049.29,,3.93,0,3452,10,True,nid006805,56908044
SparseHNSW_a0.75_b7,"M=32 efC=200 ef=50 alpha=0.75 beta=7",64,0.9444669757,0.9832,148.7116,0.8744,0.0000,0.052263,"0.052367;0.051795;0.052248;0.052337;0.052263",15.139919,66050.55,,3.93,0,3452,10,True,nid006805,56908044
SparseHNSW_a0.75_b7,"M=32 efC=200 ef=100 alpha=0.75 beta=7",64,0.9565179606,0.9890,148.7116,0.8744,0.0000,0.069720,"0.069692;0.069879;0.069720;0.069711;0.069846",20.196987,49512.34,,3.93,0,3452,10,True,nid006805,56908044
SparseHNSW_a0.75_b7,"M=32 efC=200 ef=200 alpha=0.75 beta=7",64,0.9747103129,0.9977,148.7116,0.8744,0.0000,0.123470,"0.122720;0.123519;0.123470;0.123007;0.123501",35.767671,27958.21,,3.93,0,3452,10,True,nid006805,56908044
SparseHNSW_a0.75_b7,"M=32 efC=200 ef=400 alpha=0.75 beta=7",64,0.9821842410,0.9988,148.7116,0.8744,0.0000,0.224534,"0.224462;0.224534;0.224828;0.224125;0.225146",65.044612,15374.06,,3.93,0,3452,10,True,nid006805,56908044
SparseHNSW_a0.75_b7,"M=32 efC=200 ef=800 alpha=0.75 beta=7",64,0.9868482039,1.0000,148.7116,0.8744,0.0000,0.426008,"0.426008;0.426954;0.425780;0.426230;0.425804",123.409038,8103.13,,3.93,0,3452,10,True,nid006805,56908044
SparseHNSW_a0.75_b7,"M=32 efC=200 ef=1600 alpha=0.75 beta=7",64,0.9903244496,1.0000,148.7116,0.8744,0.0000,0.818064,"0.818281;0.818337;0.817819;0.818064;0.817354",236.982619,4219.72,,3.93,0,3452,10,True,nid006805,56908044
SparseHNSW_a0.75_b7,"M=32 efC=200 ef=3200 alpha=0.75 beta=7",64,0.9926129780,1.0000,148.7116,0.8744,0.0000,1.540468,"1.540468;1.540294;1.540434;1.541304;1.540537",446.253766,2240.88,,3.93,0,3452,10,True,nid006805,56908044
SparseHNSW_a0.75_b8,"M=32 efC=200 ef=10 alpha=0.75 beta=8",64,0.9486095017,0.9849,148.7925,0.8750,0.0000,0.058392,"0.058315;0.058645;0.058358;0.058392;0.058440",16.915411,59117.69,,3.93,0,3452,10,True,nid006805,56908044
SparseHNSW_a0.75_b8,"M=32 efC=200 ef=20 alpha=0.75 beta=8",64,0.9486095017,0.9849,148.7925,0.8750,0.0000,0.058543,"0.058543;0.058291;0.058908;0.058617;0.058384",16.959154,58965.21,,3.93,0,3452,10,True,nid006805,56908044
SparseHNSW_a0.75_b8,"M=32 efC=200 ef=50 alpha=0.75 beta=8",64,0.9486095017,0.9849,148.7925,0.8750,0.0000,0.058490,"0.058707;0.058490;0.058234;0.058528;0.058450",16.943801,59018.64,,3.93,0,3452,10,True,nid006805,56908044
SparseHNSW_a0.75_b8,"M=32 efC=200 ef=100 alpha=0.75 beta=8",64,0.9576187717,0.9899,148.7925,0.8750,0.0000,0.070261,"0.070308;0.070261;0.070191;0.070496;0.069971",20.353708,49131.10,,3.93,0,3452,10,True,nid006805,56908044
SparseHNSW_a0.75_b8,"M=32 efC=200 ef=200 alpha=0.75 beta=8",64,0.9745944380,0.9971,148.7925,0.8750,0.0000,0.123891,"0.124246;0.123891;0.123090;0.123903;0.123483",35.889629,27863.20,,3.93,0,3452,10,True,nid006805,56908044
SparseHNSW_a0.75_b8,"M=32 efC=200 ef=400 alpha=0.75 beta=8",64,0.9827925840,0.9988,148.7925,0.8750,0.0000,0.226967,"0.227055;0.226644;0.226945;0.227689;0.226967",65.749421,15209.26,,3.93,0,3452,10,True,nid006805,56908044
SparseHNSW_a0.75_b8,"M=32 efC=200 ef=800 alpha=0.75 beta=8",64,0.9876882966,1.0000,148.7925,0.8750,0.0000,0.428978,"0.428778;0.428978;0.429631;0.429101;0.428964",124.269409,8047.03,,3.93,0,3452,10,True,nid006805,56908044
SparseHNSW_a0.75_b8,"M=32 efC=200 ef=1600 alpha=0.75 beta=8",64,0.9909038239,1.0000,148.7925,0.8750,0.0000,0.821997,"0.824037;0.821997;0.820980;0.822423;0.821788",238.121958,4199.53,,3.93,0,3452,10,True,nid006805,56908044
SparseHNSW_a0.75_b8,"M=32 efC=200 ef=3200 alpha=0.75 beta=8",64,0.9932792584,1.0000,148.7925,0.8750,0.0000,1.546818,"1.546818;1.547726;1.546091;1.548552;1.546769",448.093279,2231.68,,3.93,0,3452,10,True,nid006805,56908044
SparseHNSW_a0.8_b5,"M=32 efC=200 ef=10 alpha=0.8 beta=5",64,0.9239571263,0.9684,165.2027,0.8725,0.0000,0.044505,"0.044834;0.044505;0.044618;0.044362;0.044166",12.892526,77564.32,,3.92,0,3452,10,True,nid006805,56908044
SparseHNSW_a0.8_b5,"M=32 efC=200 ef=20 alpha=0.8 beta=5",64,0.9239571263,0.9684,165.2027,0.8725,0.0000,0.044086,"0.044123;0.044067;0.043943;0.044086;0.044094",12.771147,78301.50,,3.92,0,3452,10,True,nid006805,56908044
SparseHNSW_a0.8_b5,"M=32 efC=200 ef=50 alpha=0.8 beta=5",64,0.9239571263,0.9684,165.2027,0.8725,0.0000,0.043989,"0.043989;0.044105;0.043962;0.044052;0.043955",12.743048,78474.16,,3.92,0,3452,10,True,nid006805,56908044
SparseHNSW_a0.8_b5,"M=32 efC=200 ef=100 alpha=0.8 beta=5",64,0.9548088065,0.9867,165.2027,0.8725,0.0000,0.077011,"0.077011;0.077023;0.076808;0.076726;0.077069",22.309096,44824.77,,3.92,0,3452,10,True,nid006805,56908044
SparseHNSW_a0.8_b5,"M=32 efC=200 ef=200 alpha=0.8 beta=5",64,0.9758690614,0.9974,165.2027,0.8725,0.0000,0.136247,"0.136733;0.135948;0.136218;0.136541;0.136247",39.469003,25336.34,,3.92,0,3452,10,True,nid006805,56908044
SparseHNSW_a0.8_b5,"M=32 efC=200 ef=400 alpha=0.8 beta=5",64,0.9839223638,0.9997,165.2027,0.8725,0.0000,0.247654,"0.247410;0.248335;0.246923;0.247770;0.247654",71.742178,13938.80,,3.92,0,3452,10,True,nid006805,56908044
SparseHNSW_a0.8_b5,"M=32 efC=200 ef=800 alpha=0.8 beta=5",64,0.9883835458,1.0000,165.2027,0.8725,0.0000,0.470011,"0.470062;0.469985;0.470011;0.470654;0.469960",136.156141,7344.51,,3.92,0,3452,10,True,nid006805,56908044
SparseHNSW_a0.8_b5,"M=32 efC=200 ef=1600 alpha=0.8 beta=5",64,0.9914252607,1.0000,165.2027,0.8725,0.0000,0.903206,"0.902401;0.902401;0.904979;0.904002;0.903206",261.647161,3821.94,,3.93,0,3452,10,True,nid006805,56908044
SparseHNSW_a0.8_b5,"M=32 efC=200 ef=3200 alpha=0.8 beta=5",64,0.9933661645,1.0000,165.2027,0.8725,0.0000,1.698164,"1.699547;1.696559;1.699842;1.697982;1.698164",491.936269,2032.78,,3.93,0,3452,10,True,nid006805,56908044
SparseHNSW_a0.8_b6,"M=32 efC=200 ef=10 alpha=0.8 beta=6",64,0.9349073001,0.9754,165.1644,0.8653,0.0000,0.051443,"0.051073;0.051661;0.051443;0.051401;0.051657",14.902375,67103.40,,3.93,0,3452,10,True,nid006805,56908044
SparseHNSW_a0.8_b6,"M=32 efC=200 ef=20 alpha=0.8 beta=6",64,0.9349073001,0.9754,165.1644,0.8653,0.0000,0.051396,"0.051453;0.051396;0.051183;0.051262;0.051667",14.888760,67164.76,,3.93,0,3452,10,True,nid006805,56908044
SparseHNSW_a0.8_b6,"M=32 efC=200 ef=50 alpha=0.8 beta=6",64,0.9349073001,0.9754,165.1644,0.8653,0.0000,0.051207,"0.051207;0.051315;0.051097;0.051108;0.051433",14.834009,67412.66,,3.93,0,3452,10,True,nid006805,56908044
SparseHNSW_a0.8_b6,"M=32 efC=200 ef=100 alpha=0.8 beta=6",64,0.9563441483,0.9881,165.1644,0.8653,0.0000,0.077508,"0.077508;0.077559;0.077080;0.077314;0.077520",22.453071,44537.34,,3.93,0,3452,10,True,nid006805,56908044
SparseHNSW_a0.8_b6,"M=32 efC=200 ef=200 alpha=0.8 beta=6",64,0.9764484357,0.9983,165.1644,0.8653,0.0000,0.136090,"0.136090;0.136506;0.135698;0.136010;0.136494",39.423523,25365.57,,3.93,0,3452,10,True,nid006805,56908044
SparseHNSW_a0.8_b6,"M=32 efC=200 ef=400 alpha=0.8 beta=6",64,0.9846755504,1.0000,165.1644,0.8653,0.0000,0.248032,"0.247757;0.247805;0.248376;0.248907;0.248032",71.851680,13917.56,,3.93,0,3452,10,True,nid006805,56908044
SparseHNSW_a0.8_b6,"M=32 efC=200 ef=800 alpha=0.8 beta=6",64,0.9889629200,1.0000,165.1644,0.8653,0.0000,0.468849,"0.468849;0.468380;0.469526;0.469202;0.468702",135.819525,7362.71,,3.93,0,3452,10,True,nid006805,56908044
SparseHNSW_a0.8_b6,"M=32 efC=200 ef=1600 alpha=0.8 beta=6",64,0.9916570104,1.0000,165.1644,0.8653,0.0000,0.902863,"0.904700;0.903006;0.901518;0.902863;0.901556",261.547798,3823.39,,3.93,0,3452,10,True,nid006805,56908044
SparseHNSW_a0.8_b6,"M=32 efC=200 ef=3200 alpha=0.8 beta=6",64,0.9935399768,1.0000,165.1644,0.8653,0.0000,1.696080,"1.696020;1.696080;1.697235;1.696635;1.694839",491.332561,2035.28,,3.93,0,3452,10,True,nid006805,56908044
SparseHNSW_a0.8_b7,"M=32 efC=200 ef=10 alpha=0.8 beta=7",64,0.9432213210,0.9803,165.2160,0.8794,0.0000,0.058507,"0.058406;0.058594;0.058507;0.058788;0.058231",16.948725,59001.49,,3.92,0,3452,10,True,nid006805,56908044
SparseHNSW_a0.8_b7,"M=32 efC=200 ef=20 alpha=0.8 beta=7",64,0.9432213210,0.9803,165.2160,0.8794,0.0000,0.058480,"0.058566;0.058903;0.058350;0.058480;0.058467",16.940904,59028.73,,3.92,0,3452,10,True,nid006805,56908044
SparseHNSW_a0.8_b7,"M=32 efC=200 ef=50 alpha=0.8 beta=7",64,0.9432213210,0.9803,165.2160,0.8794,0.0000,0.058548,"0.058548;0.058594;0.058531;0.058427;0.058694",16.960603,58960.17,,3.92,0,3452,10,True,nid006805,56908044
SparseHNSW_a0.8_b7,"M=32 efC=200 ef=100 alpha=0.8 beta=7",64,0.9570104287,0.9884,165.2160,0.8794,0.0000,0.077494,"0.077355;0.077358;0.078015;0.077494;0.077685",22.449015,44545.38,,3.92,0,3452,10,True,nid006805,56908044
SparseHNSW_a0.8_b7,"M=32 efC=200 ef=200 alpha=0.8 beta=7",64,0.9759559676,0.9977,165.2160,0.8794,0.0000,0.136478,"0.135856;0.136478;0.136259;0.136481;0.136498",39.535921,25293.45,,3.92,0,3452,10,True,nid006805,56908044
SparseHNSW_a0.8_b7,"M=32 efC=200 ef=400 alpha=0.8 beta=7",64,0.9846755504,0.9997,165.2160,0.8794,0.0000,0.248376,"0.248488;0.247682;0.248376;0.247025;0.248525",71.951333,13898.28,,3.92,0,3452,10,True,nid006805,56908044
SparseHNSW_a0.8_b7,"M=32 efC=200 ef=800 alpha=0.8 beta=7",64,0.9891946698,1.0000,165.2160,0.8794,0.0000,0.468891,"0.468572;0.469551;0.468738;0.468891;0.469063",135.831692,7362.05,,3.92,0,3452,10,True,nid006805,56908044
SparseHNSW_a0.8_b7,"M=32 efC=200 ef=1600 alpha=0.8 beta=7",64,0.9921205098,1.0000,165.2160,0.8794,0.0000,0.900752,"0.902332;0.900279;0.900838;0.899927;0.900752",260.936269,3832.35,,3.92,0,3452,10,True,nid006805,56908044
SparseHNSW_a0.8_b7,"M=32 efC=200 ef=3200 alpha=0.8 beta=7",64,0.9940614137,1.0000,165.2160,0.8794,0.0000,1.696103,"1.695991;1.696879;1.698295;1.694446;1.696103",491.339224,2035.25,,3.92,0,3452,10,True,nid006805,56908044
SparseHNSW_a0.8_b8,"M=32 efC=200 ef=10 alpha=0.8 beta=8",64,0.9491599073,0.9846,165.1777,0.8686,0.0000,0.064551,"0.063734;0.064993;0.064283;0.064551;0.064826",18.699594,53477.10,,3.92,0,3452,10,True,nid006805,56908044
SparseHNSW_a0.8_b8,"M=32 efC=200 ef=20 alpha=0.8 beta=8",64,0.9491599073,0.9846,165.1777,0.8686,0.0000,0.064820,"0.064882;0.064785;0.064671;0.064997;0.064820",18.777520,53255.17,,3.92,0,3452,10,True,nid006805,56908044
SparseHNSW_a0.8_b8,"M=32 efC=200 ef=50 alpha=0.8 beta=8",64,0.9491599073,0.9846,165.1777,0.8686,0.0000,0.065039,"0.064985;0.065133;0.065039;0.064880;0.065242",18.840962,53075.85,,3.92,0,3452,10,True,nid006805,56908044
SparseHNSW_a0.8_b8,"M=32 efC=200 ef=100 alpha=0.8 beta=8",64,0.9567207416,0.9887,165.1777,0.8686,0.0000,0.077269,"0.077552;0.077269;0.077189;0.077260;0.077632",22.383835,44675.10,,3.92,0,3452,10,True,nid006805,56908044
SparseHNSW_a0.8_b8,"M=32 efC=200 ef=200 alpha=0.8 beta=8",64,0.9756373117,0.9971,165.1777,0.8686,0.0000,0.135917,"0.136141;0.135917;0.135957;0.135742;0.135804",39.373407,25397.85,,3.92,0,3452,10,True,nid006805,56908044
SparseHNSW_a0.8_b8,"M=32 efC=200 ef=400 alpha=0.8 beta=8",64,0.9850521437,1.0000,165.1777,0.8686,0.0000,0.247449,"0.247449;0.247417;0.247084;0.247478;0.247782",71.682793,13950.35,,3.92,0,3452,10,True,nid006805,56908044
SparseHNSW_a0.8_b8,"M=32 efC=200 ef=800 alpha=0.8 beta=8",64,0.9894264195,1.0000,165.1777,0.8686,0.0000,0.469083,"0.469495;0.470018;0.468740;0.468649;0.469083",135.887312,7359.04,,3.92,0,3452,10,True,nid006805,56908044
SparseHNSW_a0.8_b8,"M=32 efC=200 ef=1600 alpha=0.8 beta=8",64,0.9922653534,1.0000,165.1777,0.8686,0.0000,0.900599,"0.901739;0.898982;0.900599;0.902436;0.900568",260.891947,3833.00,,3.93,0,3452,10,True,nid006805,56908044
SparseHNSW_a0.8_b8,"M=32 efC=200 ef=3200 alpha=0.8 beta=8",64,0.9944380070,1.0000,165.1777,0.8686,0.0000,1.690541,"1.689981;1.690541;1.689278;1.691408;1.692324",489.727984,2041.95,,3.93,0,3452,10,True,nid006805,56908044
SparseHNSW_a0.85_b5,"M=32 efC=200 ef=10 alpha=0.85 beta=5",64,0.9248841251,0.9702,184.6741,0.8781,0.0000,0.049572,"0.048705;0.049674;0.049572;0.049457;0.049771",14.360371,69636.08,,3.92,0,3452,10,True,nid006805,56908044
SparseHNSW_a0.85_b5,"M=32 efC=200 ef=20 alpha=0.85 beta=5",64,0.9248841251,0.9702,184.6741,0.8781,0.0000,0.049545,"0.049688;0.049545;0.049341;0.049619;0.049314",14.352549,69674.03,,3.92,0,3452,10,True,nid006805,56908044
SparseHNSW_a0.85_b5,"M=32 efC=200 ef=50 alpha=0.85 beta=5",64,0.9248841251,0.9702,184.6741,0.8781,0.0000,0.049420,"0.049412;0.049555;0.049420;0.049654;0.049357",14.316338,69850.26,,3.92,0,3452,10,True,nid006805,56908044
SparseHNSW_a0.85_b5,"M=32 efC=200 ef=100 alpha=0.85 beta=5",64,0.9546929316,0.9864,184.6741,0.8781,0.0000,0.084188,"0.084188;0.084299;0.083985;0.084230;0.083752",24.388181,41003.47,,3.92,0,3452,10,True,nid006805,56908044
SparseHNSW_a0.85_b5,"M=32 efC=200 ef=200 alpha=0.85 beta=5",64,0.9734067207,0.9957,184.6741,0.8781,0.0000,0.146555,"0.145954;0.146472;0.146849;0.146843;0.146555",42.455098,23554.30,,3.92,0,3452,10,True,nid006805,56908044
SparseHNSW_a0.85_b5,"M=32 efC=200 ef=400 alpha=0.85 beta=5",64,0.9834009270,0.9991,184.6741,0.8781,0.0000,0.266215,"0.265939;0.268349;0.266215;0.266833;0.265956",77.119061,12966.96,,3.92,0,3452,10,True,nid006805,56908044
SparseHNSW_a0.85_b5,"M=32 efC=200 ef=800 alpha=0.85 beta=5",64,0.9892236385,1.0000,184.6741,0.8781,0.0000,0.505576,"0.506091;0.504894;0.505422;0.505625;0.505576",146.458864,6827.86,,3.92,0,3452,10,True,nid006805,56908044
SparseHNSW_a0.85_b5,"M=32 efC=200 ef=1600 alpha=0.85 beta=5",64,0.9927867903,1.0000,184.6741,0.8781,0.0000,0.975184,"0.974084;0.975328;0.975184;0.975772;0.974796",282.498262,3539.84,,3.92,0,3452,10,True,nid006805,56908044
SparseHNSW_a0.85_b5,"M=32 efC=200 ef=3200 alpha=0.85 beta=5",64,0.9947856315,1.0000,184.6741,0.8781,0.0000,1.842735,"1.843914;1.841084;1.842090;1.842735;1.842736",533.816628,1873.30,,3.92,0,3452,10,True,nid006805,56908044
SparseHNSW_a0.85_b6,"M=32 efC=200 ef=10 alpha=0.85 beta=6",64,0.9352549247,0.9771,184.7701,0.8688,0.0000,0.056658,"0.055684;0.056614;0.056719;0.056658;0.056885",16.413094,60926.97,,3.93,0,3452,10,True,nid006805,56908044
SparseHNSW_a0.85_b6,"M=32 efC=200 ef=20 alpha=0.85 beta=6",64,0.9352549247,0.9771,184.7701,0.8688,0.0000,0.056753,"0.056855;0.056741;0.056744;0.056972;0.056753",16.440614,60824.98,,3.93,0,3452,10,True,nid006805,56908044
SparseHNSW_a0.85_b6,"M=32 efC=200 ef=50 alpha=0.85 beta=6",64,0.9352549247,0.9771,184.7701,0.8688,0.0000,0.056895,"0.056675;0.056919;0.056679;0.056985;0.056895",16.481750,60673.17,,3.93,0,3452,10,True,nid006805,56908044
SparseHNSW_a0.85_b6,"M=32 efC=200 ef=100 alpha=0.85 beta=6",64,0.9559675550,0.9873,184.7701,0.8688,0.0000,0.083368,"0.083123;0.083117;0.083368;0.083847;0.083672",24.150637,41406.77,,3.93,0,3452,10,True,nid006805,56908044
SparseHNSW_a0.85_b6,"M=32 efC=200 ef=200 alpha=0.85 beta=6",64,0.9730301275,0.9945,184.7701,0.8688,0.0000,0.145943,"0.146022;0.145681;0.146104;0.145943;0.145735",42.277810,23653.07,,3.93,0,3452,10,True,nid006805,56908044
SparseHNSW_a0.85_b6,"M=32 efC=200 ef=400 alpha=0.85 beta=6",64,0.9841251448,0.9991,184.7701,0.8688,0.0000,0.265231,"0.264893;0.265231;0.265347;0.265655;0.264901",76.834009,13015.07,,3.93,0,3452,10,True,nid006805,56908044
SparseHNSW_a0.85_b6,"M=32 efC=200 ef=800 alpha=0.85 beta=6",64,0.9896002317,1.0000,184.7701,0.8688,0.0000,0.501460,"0.501303;0.501460;0.500806;0.502360;0.504998",145.266512,6883.90,,3.93,0,3452,10,True,nid006805,56908044
SparseHNSW_a0.85_b6,"M=32 efC=200 ef=1600 alpha=0.85 beta=6",64,0.9927867903,1.0000,184.7701,0.8688,0.0000,0.970610,"0.968699;0.970769;0.970306;0.970610;0.972221",281.173233,3556.53,,3.93,0,3452,10,True,nid006805,56908044
SparseHNSW_a0.85_b6,"M=32 efC=200 ef=3200 alpha=0.85 beta=6",64,0.9946987254,1.0000,184.7701,0.8688,0.0000,1.827192,"1.825217;1.827192;1.829640;1.826513;1.830244",529.314021,1889.24,,3.93,0,3452,10,True,nid006805,56908044
SparseHNSW_a0.85_b7,"M=32 efC=200 ef=10 alpha=0.85 beta=7",64,0.9420625724,0.9797,184.6375,0.8658,0.0000,0.064376,"0.063123;0.064376;0.064449;0.064069;0.064512",18.648899,53622.47,,3.93,0,3452,10,True,nid006805,56908044
SparseHNSW_a0.85_b7,"M=32 efC=200 ef=20 alpha=0.85 beta=7",64,0.9420625724,0.9797,184.6375,0.8658,0.0000,0.064658,"0.064456;0.064765;0.064658;0.064324;0.064813",18.730591,53388.60,,3.93,0,3452,10,True,nid006805,56908044
SparseHNSW_a0.85_b7,"M=32 efC=200 ef=50 alpha=0.85 beta=7",64,0.9420625724,0.9797,184.6375,0.8658,0.0000,0.064600,"0.064601;0.064690;0.064238;0.064429;0.064600",18.713789,53436.53,,3.93,0,3452,10,True,nid006805,56908044
SparseHNSW_a0.85_b7,"M=32 efC=200 ef=100 alpha=0.85 beta=7",64,0.9557068366,0.9870,184.6375,0.8658,0.0000,0.084624,"0.084490;0.084430;0.085013;0.084923;0.084624",24.514484,40792.21,,3.93,0,3452,10,True,nid006805,56908044
SparseHNSW_a0.85_b7,"M=32 efC=200 ef=200 alpha=0.85 beta=7",64,0.9730590962,0.9951,184.6375,0.8658,0.0000,0.147166,"0.147202;0.146925;0.147166;0.146882;0.147529",42.632097,23456.50,,3.93,0,3452,10,True,nid006805,56908044
SparseHNSW_a0.85_b7,"M=32 efC=200 ef=400 alpha=0.85 beta=7",64,0.9841251448,0.9991,184.6375,0.8658,0.0000,0.265553,"0.265553;0.265409;0.266011;0.265985;0.265455",76.927289,12999.29,,3.93,0,3452,10,True,nid006805,56908044
SparseHNSW_a0.85_b7,"M=32 efC=200 ef=800 alpha=0.85 beta=7",64,0.9899478563,1.0000,184.6375,0.8658,0.0000,0.505878,"0.507206;0.505878;0.505643;0.506163;0.505474",146.546350,6823.78,,3.93,0,3452,10,True,nid006805,56908044
SparseHNSW_a0.85_b7,"M=32 efC=200 ef=1600 alpha=0.85 beta=7",64,0.9931344148,1.0000,184.6375,0.8658,0.0000,0.976507,"0.975297;0.980484;0.976243;0.976507;0.976928",282.881518,3535.05,,3.93,0,3452,10,True,nid006805,56908044
SparseHNSW_a0.85_b7,"M=32 efC=200 ef=3200 alpha=0.85 beta=7",64,0.9950753187,1.0000,184.6375,0.8658,0.0000,1.840948,"1.838065;1.839588;1.840948;1.840963;1.841133",533.298957,1875.12,,3.93,0,3452,10,True,nid006805,56908044
SparseHNSW_a0.85_b8,"M=32 efC=200 ef=10 alpha=0.85 beta=8",64,0.9483198146,0.9835,184.7244,0.8711,0.0000,0.071013,"0.069481;0.070714;0.071013;0.071628;0.071473",20.571553,48610.82,,3.93,0,3452,10,True,nid006805,56908044
SparseHNSW_a0.85_b8,"M=32 efC=200 ef=20 alpha=0.85 beta=8",64,0.9483198146,0.9835,184.7244,0.8711,0.0000,0.071641,"0.071641;0.072219;0.071436;0.071738;0.071390",20.753476,48184.70,,3.93,0,3452,10,True,nid006805,56908044
SparseHNSW_a0.85_b8,"M=32 efC=200 ef=50 alpha=0.85 beta=8",64,0.9483198146,0.9835,184.7244,0.8711,0.0000,0.071502,"0.071861;0.071431;0.071502;0.071592;0.070836",20.713210,48278.37,,3.93,0,3452,10,True,nid006805,56908044
SparseHNSW_a0.85_b8,"M=32 efC=200 ef=100 alpha=0.85 beta=8",64,0.9569235226,0.9875,184.7244,0.8711,0.0000,0.084805,"0.083863;0.084805;0.085001;0.084468;0.084826",24.566918,40705.15,,3.93,0,3452,10,True,nid006805,56908044
SparseHNSW_a0.85_b8,"M=32 efC=200 ef=200 alpha=0.85 beta=8",64,0.9732908459,0.9948,184.7244,0.8711,0.0000,0.146195,"0.146062;0.146335;0.147155;0.146195;0.145796",42.350811,23612.30,,3.93,0,3452,10,True,nid006805,56908044
SparseHNSW_a0.85_b8,"M=32 efC=200 ef=400 alpha=0.85 beta=8",64,0.9838933951,0.9991,184.7244,0.8711,0.0000,0.266041,"0.265742;0.265811;0.266692;0.267040;0.266041",77.068656,12975.44,,3.93,0,3452,10,True,nid006805,56908044
SparseHNSW_a0.85_b8,"M=32 efC=200 ef=800 alpha=0.85 beta=8",64,0.9896292005,1.0000,184.7244,0.8711,0.0000,0.505802,"0.505741;0.505802;0.506830;0.506863;0.505409",146.524334,6824.80,,3.93,0,3452,10,True,nid006805,56908044
SparseHNSW_a0.85_b8,"M=32 efC=200 ef=1600 alpha=0.85 beta=8",64,0.9929316338,1.0000,184.7244,0.8711,0.0000,0.975919,"0.974582;0.977462;0.975919;0.976212;0.975718",282.711182,3537.18,,3.93,0,3452,10,True,nid006805,56908044
SparseHNSW_a0.85_b8,"M=32 efC=200 ef=3200 alpha=0.85 beta=8",64,0.9949594438,1.0000,184.7244,0.8711,0.0000,1.843024,"1.843024;1.843206;1.840132;1.843261;1.838477",533.900348,1873.01,,3.93,0,3452,10,True,nid006805,56908044
